link,index,title,artist,rating,has_audio,has_video,date,uploader,total_downloads
patches.php?mode=show&unit=G3&ID=10938,10938,House of the Rising Sun,Geordie etc.,,False,True,2018-11-13,boxvictor,11
patches.php?mode=show&unit=G3&ID=10916,10916,Modern Metal / Djent,-,,False,False,2018-10-02,purnadika,171
patches.php?mode=show&unit=G3&ID=10884,10884,Brown sound,EVH,1.0,False,True,2018-09-04,J.D.S.,216
patches.php?mode=show&unit=G3&ID=10870,10870,PinkR,Pink Floyd,5.0,False,True,2018-08-21,J.D.S.,339
patches.php?mode=show&unit=G3&ID=10871,10871,PinkS,Pink Floyd,4.0,False,True,2018-08-21,J.D.S.,188
patches.php?mode=show&unit=G3&ID=10872,10872,Bass,J.D.S.,,False,True,2018-08-21,J.D.S.,123
patches.php?mode=show&unit=G3&ID=10849,10849,T.S.O.8.L,Krail Anuar,5.0,False,False,2018-08-07,NU - OFF,160
patches.php?mode=show&unit=G3&ID=10850,10850,T.S.O.8.L,Krail Anuar,3.5,False,False,2018-08-07,666,135
patches.php?mode=show&unit=G3&ID=10822,10822,KRAiL ANUAR 666,T.S.O.8.L ( Krail Anuar ),2.7,False,False,2018-07-06,Krail Anuar,208
patches.php?mode=show&unit=G3&ID=10774,10774,apache,the shadows,2.0,False,False,2018-06-11,jeffrey ball,420
patches.php?mode=show&unit=G3&ID=10775,10775,we will rock you,brian may,3.0,False,False,2018-06-11,jeffrey ball,431
patches.php?mode=show&unit=G3&ID=10776,10776,jean genie,mick ronson,,False,False,2018-06-11,jeffrey ball,171
patches.php?mode=show&unit=G3&ID=10777,10777,clean roland 120 amp,80s,2.0,False,False,2018-06-11,jeffrey ball,415
patches.php?mode=show&unit=G3&ID=10778,10778,soldano,rock 70s,,False,False,2018-06-11,jeffrey ball,271
patches.php?mode=show&unit=G3&ID=10779,10779,get it on,marc bolan   t.rex,1.0,False,False,2018-06-11,jeffrey ball,161
patches.php?mode=show&unit=G3&ID=10720,10720,JDSBass,Jozef Stiavnicky,,False,True,2018-05-07,JDS,372
patches.php?mode=show&unit=G3&ID=10693,10693,Symphony of Destruction,Megadeth Dave Mustaine,3.7,True,False,2018-04-15,sykaTHEoNe Mari...,613
patches.php?mode=show&unit=G3&ID=10678,10678,Zoom G5N Slash Sweet Child o Mine,Slash,1.0,False,False,2018-04-07,Andrew Miles,573
patches.php?mode=show&unit=G3&ID=10667,10667,Perfect Strangers,Ritchie Blackmore,3.5,False,True,2018-04-03,boxvictor,520
patches.php?mode=show&unit=G3&ID=10661,10661,Tornado of Souls,Megadeth-Dave Mustaine,4.5,True,True,2018-03-30,sykaTHEoNe Mari...,623
patches.php?mode=show&unit=G3&ID=10640,10640,Zoom G3 & G5 patches converted for Zoom G3x,Zoom & Zoom Famous Artists,5.0,False,False,2018-03-23,Görkem,1027
patches.php?mode=show&unit=G3&ID=10629,10629,TheWall,David GILMOUR,5.0,True,False,2018-03-20,Bruno Heurtin,669
patches.php?mode=show&unit=G3&ID=10630,10630,The Wall (good file),David Gilmour,5.0,True,False,2018-03-20,Bruno HEURTIN,683
patches.php?mode=show&unit=G3&ID=10622,10622,Rust in Peace Album Tone,Megadeth,3.0,False,False,2018-03-17,sykaTHEoNe Mari...,380
patches.php?mode=show&unit=G3&ID=10623,10623,Chris,RudeRecords - Ageless Minds,4.0,False,False,2018-03-17,Chris,300
patches.php?mode=show&unit=G3&ID=10580,10580,Talking Cry  (Shark's Throat) Sound,ZOOM G3X best sounds,5.0,False,True,2018-02-22,boxvictor,614
patches.php?mode=show&unit=G3&ID=10567,10567,Megadeth - Lucretia Dave Mustaine Guitar Tone,Megadeth,3.0,True,True,2018-02-12,"""sykaTHEoNe"" Ma...",597
patches.php?mode=show&unit=G3&ID=10568,10568,AhChoirBG,Carlo Natali,,True,False,2018-02-12,Carlo Natali,310
patches.php?mode=show&unit=G3&ID=10536,10536,Metalcore \ All-round,Various,4.0,False,False,2018-01-28,napp,602
patches.php?mode=show&unit=G3&ID=10532,10532,the distinctive sound of Brian's 70`-80`,Brian May,4.0,False,True,2018-01-26,boxvictor,965
patches.php?mode=show&unit=G3&ID=10520,10520,Holy Wars... The Punishment Due Guitar Tone,Megadeth,4.5,True,False,2018-01-22,sykaTHEoNe Mari...,671
patches.php?mode=show&unit=G3&ID=10517,10517,Holy Wars Dave Mustaine Tone Version 2,Megadeth,5.0,True,False,2018-01-20,sykaTHEoNe Mari...,442
patches.php?mode=show&unit=G3&ID=10518,10518,Holy Wars Dave Mustaine Tone Version 2 (FIXED),Megadeth,4.0,True,False,2018-01-20,sykaTHEoNe Mari...,461
patches.php?mode=show&unit=G3&ID=10510,10510,Hangar 18 Marty Friedman Tone,Megadeth,5.0,True,False,2018-01-18,sykaTHEoNe Mari...,579
patches.php?mode=show&unit=G3&ID=10508,10508,Holy Wars... The Punishment Due Dave Mustaine Guit,Megadeth,5.0,False,False,2018-01-17,"""sykaTHEoNe"" Ma...",342
patches.php?mode=show&unit=G3&ID=10509,10509,Holy Wars... The Punishment Due Dave Mustaine Tone,Megadeth,5.0,True,False,2018-01-17,sykaTHEoNe Mari...,438
patches.php?mode=show&unit=G3&ID=10490,10490,Quo Crunch,60-80` Marshall sounds,5.0,False,True,2018-01-09,boxvictor,661
patches.php?mode=show&unit=G3&ID=10491,10491,Ms Crunch 70`,60-80` Marshall sounds,3.5,False,True,2018-01-09,boxvictor,560
patches.php?mode=show&unit=G3&ID=10492,10492,Quo Crunch,60-80` Marshall sounds,3.5,False,True,2018-01-09,boxvictor,379
patches.php?mode=show&unit=G3&ID=10430,10430,G3X USER AREA ver DE? 2017,ZOOM G3X World musicians and the best sounds,3.0,False,True,2017-12-25,boxvictor,854
patches.php?mode=show&unit=G3&ID=10428,10428,Run Like Hell,Pink Floyd,2.0,False,False,2017-12-23,Fabio Floyd,604
patches.php?mode=show&unit=G3&ID=10418,10418,Zoom G3x - CLEAR TREMOLO + OVERDRIVE,luigi cantelmo,1.5,False,True,2017-12-15,luigi cantelmo,614
patches.php?mode=show&unit=G3&ID=10419,10419,Zoom G3x - CLEAR TREMOLO + OVERDRIVE,luigi cantelmo,1.0,False,True,2017-12-15,luigi cantelmo,462
patches.php?mode=show&unit=G3&ID=10403,10403,G3X USER AREA ver NOV 2017,World musicians and the best sounds,5.0,False,False,2017-12-05,boxvictor,884
patches.php?mode=show&unit=G3&ID=10350,10350,Zoom G3x - Crunch Guitar Patch,luigi cantelmo,4.5,False,True,2017-11-03,luigi cantelmo,1081
patches.php?mode=show&unit=G3&ID=10346,10346,Theme for Young Lovers,Shadows,5.0,False,False,2017-11-02,Pit,756
patches.php?mode=show&unit=G3&ID=10327,10327,A Rite of Passage,Dream Theater,2.0,True,False,2017-10-24,Renylo M,863
patches.php?mode=show&unit=G3&ID=10323,10323,LeadCN24/FunkySolo1,Carlo Natali,,True,False,2017-10-22,Carlo60,593
patches.php?mode=show&unit=G3&ID=10324,10324,SynthBASS1/Birdland,Weather Report,4.0,True,False,2017-10-22,Carlo60,505
patches.php?mode=show&unit=G3&ID=10325,10325,AcouORG5/Yesterday,The Beatles,4.0,True,False,2017-10-22,Carlo60,609
patches.php?mode=show&unit=G3&ID=10252,10252,Walk of life ORGAN sound,Dire Straits,3.0,True,False,2017-09-25,Carlo60,737
patches.php?mode=show&unit=G3&ID=10245,10245,BagPipe/Cornamusa,Scottish/Celtic instrument,4.0,False,False,2017-09-21,Carlo60,496
patches.php?mode=show&unit=G3&ID=10237,10237,AcORG1/Hurt,Johnny Cash,3.0,True,False,2017-09-14,Carlo60,746
patches.php?mode=show&unit=G3&ID=10231,10231,Hammond2/A whiter shade of pale,Procolarum,4.0,True,False,2017-09-13,Carlo60,629
patches.php?mode=show&unit=G3&ID=10232,10232,80 LEAD SOUND,EUROPE,4.6,False,True,2017-09-13,Riccardo Sergio,1544
patches.php?mode=show&unit=G3&ID=10233,10233,Manhattan Clean,Eric Johnson,4.5,False,True,2017-09-13,Riccardo Sergio,1284
patches.php?mode=show&unit=G3&ID=10234,10234,Manhattan Lead,Eric Johnson,4.5,False,True,2017-09-13,Riccardo Sergio,965
patches.php?mode=show&unit=G3&ID=10235,10235,Waves,Guthrie Govan,5.0,False,True,2017-09-13,Riccardo Sergio,1054
patches.php?mode=show&unit=G3&ID=10229,10229,Epitom3EHX,Denis Plaine,3.0,False,False,2017-09-12,DPlaine,470
patches.php?mode=show&unit=G3&ID=10224,10224,SitarCN1,Ravi Shankar,2.0,True,False,2017-09-10,Carlo60,637
patches.php?mode=show&unit=G3&ID=10219,10219,Violin2,Carlo60,1.0,False,False,2017-09-07,Carlo60,647
patches.php?mode=show&unit=G3&ID=10220,10220,DOBROCN,Carlo60,4.0,False,False,2017-09-07,Carlo60,396
patches.php?mode=show&unit=G3&ID=10214,10214,Angus,Angus McKinnon Young,5.0,True,False,2017-09-06,boxvictor,838
patches.php?mode=show&unit=G3&ID=10215,10215,Violin1,Carlo60,,False,False,2017-09-06,Carlo60,577
patches.php?mode=show&unit=G3&ID=10210,10210,ApacheCN2,Shadows,2.0,True,True,2017-09-05,Carlo60,819
patches.php?mode=show&unit=G3&ID=10211,10211,ORGLesl/(Walk of life),Dire Strait,4.5,True,True,2017-09-05,Carlo60,535
patches.php?mode=show&unit=G3&ID=10207,10207,boston,tom scholz,5.0,True,False,2017-08-28,alenio,629
patches.php?mode=show&unit=G3&ID=10200,10200,Zoom G3x guitar looping Vox vt20+ (acoustic simula,LuigiCantelmo,,False,True,2017-08-24,Zoom G3x guitar...,778
patches.php?mode=show&unit=G3&ID=10201,10201,Zoom G3x guitar looping Vox vt20+acoustic simulato,luigicantelmo,,False,True,2017-08-24,LuigiCantelmo,609
patches.php?mode=show&unit=G3&ID=10197,10197,Zoom G3x - Funk Clear + Comp + Early Reflection,Luiss,1.0,False,True,2017-08-21,Luiss,664
patches.php?mode=show&unit=G3&ID=10190,10190,Stereo Auto Whawha Funk Patch,Luigi,3.5,False,True,2017-08-11,Luiss,805
patches.php?mode=show&unit=G3&ID=10148,10148,Square Bass,Christina Hiro,3.0,False,False,2017-07-19,Christina Hiro,603
patches.php?mode=show&unit=G3&ID=10146,10146,Stupendo live Modena Park arpeggios guitar intro,Vince Pastano,5.0,True,False,2017-07-14,An Stevens,908
patches.php?mode=show&unit=G3&ID=10137,10137,Do I Wanna  Know,Arctic Monkeys,3.0,True,False,2017-07-06,Joan,811
patches.php?mode=show&unit=G3&ID=9923,9923,Like A Stone - Verse,Audioslave,4.0,False,False,2017-05-19,fingerdish,886
patches.php?mode=show&unit=G3&ID=9924,9924,Like A Stone - Chorus,Audioslave,2.5,False,False,2017-05-19,fingerdish,828
patches.php?mode=show&unit=G3&ID=9925,9925,Like A Stone - Bridge/Solo,Audioslave,4.5,False,False,2017-05-19,fingerdish,851
patches.php?mode=show&unit=G3&ID=9920,9920,Th Dark Side Of The Moon,Pink Floyd,4.5,False,False,2017-05-16,Chastel98,1408
patches.php?mode=show&unit=G3&ID=9913,9913,Sweet child o' mine,Slash,4.7,False,True,2017-05-09,An Stevens,2618
patches.php?mode=show&unit=G3&ID=9907,9907,Top Gun,Steve Stevens,5.0,False,True,2017-05-07,An Stevens,1212
patches.php?mode=show&unit=G3&ID=9897,9897,Another brick in the wall,Pink Floyd,4.3,False,True,2017-05-06,An Stevens,1847
patches.php?mode=show&unit=G3&ID=9899,9899,The show is go on!!!!,Brian May,4.0,False,True,2017-05-06,An Stevens,1211
patches.php?mode=show&unit=G3&ID=9900,9900,Surf tone Misirlou,An Stevens,3.0,False,True,2017-05-06,An Stevens,626
patches.php?mode=show&unit=G3&ID=9901,9901,Satriani Summer Song Style,An Stevens,5.0,False,True,2017-05-06,An Stevens,936
patches.php?mode=show&unit=G3&ID=9902,9902,Stef Burns Style/Jeff Beck,An Stevens,4.0,False,True,2017-05-06,An Stevens,894
patches.php?mode=show&unit=G3&ID=9884,9884,Metal Rhythm,just my own patch,,True,False,2017-05-02,iamnottellingyo...,1135
patches.php?mode=show&unit=G3&ID=9876,9876,Zoom Original Presets (G2 and G5 converted for G3X,Zoom and Zoom Official Artists,4.2,False,False,2017-04-28,Zoom,1852
patches.php?mode=show&unit=G3&ID=9864,9864,Original Clean Fenrder,Me,2.0,False,True,2017-04-26,Tomiz,1226
patches.php?mode=show&unit=G3&ID=9865,9865,Steve Vai Clean Carvin legacy,Me,,False,True,2017-04-26,Tomiz,806
patches.php?mode=show&unit=G3&ID=9866,9866,Acoustica  near original,Me,4.0,False,True,2017-04-26,Tomiz,978
patches.php?mode=show&unit=G3&ID=9867,9867,Steve Vai legacy carvin,Me,3.0,False,True,2017-04-26,Tomiz,730
patches.php?mode=show&unit=G3&ID=9868,9868,Dist./Soling voice for songs 1,Me,3.0,False,True,2017-04-26,Tomiz,559
patches.php?mode=show&unit=G3&ID=9869,9869,Termolo Rock,Me,,False,True,2017-04-26,Tomiz,557
patches.php?mode=show&unit=G3&ID=9870,9870,Soling 2,Me,,False,True,2017-04-26,Tomiz,500
patches.php?mode=show&unit=G3&ID=9871,9871,Folk/Solo folk,Me,,False,True,2017-04-26,Tomiz,627
patches.php?mode=show&unit=G3&ID=9844,9844,the shadows the full monty,hank marvin and the shadows,,False,False,2017-04-14,spinner snake,971
patches.php?mode=show&unit=G3&ID=9843,9843,the shadows,the shadows,2.0,False,False,2017-04-12,d d,770
patches.php?mode=show&unit=G3&ID=9838,9838,HEAVY METAL hard rock,PANTERA,3.8,False,True,2017-04-10,gabryga76,2019
patches.php?mode=show&unit=G3&ID=9833,9833,Tak matsumoto   1992,Tak matsumoto,4.0,False,False,2017-04-09,KBS brother,765
patches.php?mode=show&unit=G3&ID=9831,9831,Signos,Soda Stereo,,False,False,2017-04-08,Rod Castler,596
patches.php?mode=show&unit=G3&ID=9825,9825,The Black,Asking Alexandria,5.0,True,False,2017-03-30,psychoberry,1151
patches.php?mode=show&unit=G3&ID=9822,9822,SRV,Stevie Ray Vaughn,,False,True,2017-03-27,Youtube,1311
patches.php?mode=show&unit=G3&ID=9817,9817,LIVIN ' ON A PRAYER,BON JOVI  SAMBORA,4.6,False,True,2017-03-25,gabryga76,1916
patches.php?mode=show&unit=G3&ID=9812,9812,Big Sur Moon,Buckethead,,False,False,2017-03-24,Dark Brocoli,590
patches.php?mode=show&unit=G3&ID=9816,9816,LIVIN ' ON A PRAYER,BON JOVI  SAMBORA,4.5,True,False,2017-03-24,gabryga76,1165
patches.php?mode=show&unit=G3&ID=9809,9809,SHINE ON YOU CRAZY DIAMOND,PINK FLOYD DAVID GILMOUR,4.5,False,False,2017-03-22,gabryga76,961
patches.php?mode=show&unit=G3&ID=9810,9810,SHINE ON YOU CRAZY DIAMOND,PINK FLOYD DAVID GILMOUR,4.8,False,True,2017-03-22,gabryga76,1900
patches.php?mode=show&unit=G3&ID=9806,9806,CONFORTABLY NUMB,DAVID GILMOUR PINK FLOYD,4.3,False,True,2017-03-20,gabryga76,3331
patches.php?mode=show&unit=G3&ID=9790,9790,TAK DRIVE,B'Z,3.0,False,False,2017-03-19,sumi,581
patches.php?mode=show&unit=G3&ID=9791,9791,DZ LEAD,NONE,,False,False,2017-03-19,sumi,449
patches.php?mode=show&unit=G3&ID=9792,9792,RANDY R,OZZY OSBOUNE,,False,False,2017-03-19,sumi,734
patches.php?mode=show&unit=G3&ID=9779,9779,KNOCKING ON HEAVEN'S DOOR,GUNS N ROSES SLASH,4.5,False,True,2017-03-17,gabryga76,3203
patches.php?mode=show&unit=G3&ID=9771,9771,ACOUSTIC,NONE,4.0,False,True,2017-03-13,gabryga76,1624
patches.php?mode=show&unit=G3&ID=9772,9772,ACOUSTIC SIMULATION RITHM,NONE,4.0,False,True,2017-03-13,gabryga76,1066
patches.php?mode=show&unit=G3&ID=9773,9773,BASS SIMULATION,NONE,3.5,False,True,2017-03-13,gabryga76,1077
patches.php?mode=show&unit=G3&ID=9774,9774,DIST RITH WITH EQ,NONE,4.0,False,True,2017-03-13,gabryga76,710
patches.php?mode=show&unit=G3&ID=9775,9775,ACOUSTIC LEAD,NONE,4.8,False,True,2017-03-13,gabryga76,4775
patches.php?mode=show&unit=G3&ID=9776,9776,LEAD,Gilmour,4.2,False,True,2017-03-13,gabryga76,4663
patches.php?mode=show&unit=G3&ID=9768,9768,If I Could Fly,Helloween,1.0,False,True,2017-03-10,Danilo Lima,586
patches.php?mode=show&unit=G3&ID=9769,9769,If I Could Fly (solo),Helloween,3.0,False,True,2017-03-10,Danilo Lima,551
patches.php?mode=show&unit=G3&ID=9752,9752,Shine on you crazy diamond,Pink Floyd,1.5,False,False,2017-03-01,Fabio Floyd,727
patches.php?mode=show&unit=G3&ID=9742,9742,solo lead Alien,Gilmour,5.0,False,True,2017-02-19,gabryga76,2366
patches.php?mode=show&unit=G3&ID=9743,9743,solo lead fbcombo,Gilmour,4.7,False,True,2017-02-19,gabryga76,1317
patches.php?mode=show&unit=G3&ID=9739,9739,walk&BestofYou,Foo Fighters,3.7,True,False,2017-02-18,Boy,918
patches.php?mode=show&unit=G3&ID=9740,9740,SC for HB,(none),4.0,True,False,2017-02-18,P.Z.,469
patches.php?mode=show&unit=G3&ID=9690,9690,Tears of an Angel (Marty Friedman),Marty Friedman,1.0,False,False,2017-01-27,Patrick,624
patches.php?mode=show&unit=G3&ID=9686,9686,Gratitude,a2c,3.5,False,False,2017-01-24,Patrick,578
patches.php?mode=show&unit=G3&ID=9687,9687,Jaguar 13,Michiya Haruhata,4.0,False,False,2017-01-24,Patrick,583
patches.php?mode=show&unit=G3&ID=9688,9688,Dragonforce,Dragonforce,2.0,False,False,2017-01-24,Patrick,800
patches.php?mode=show&unit=G3&ID=9685,9685,Silvera,Gojira,3.0,False,True,2017-01-23,Danilo Lima,787
patches.php?mode=show&unit=G3&ID=9672,9672,ENJOY,ALL,3.0,False,False,2017-01-14,burimveliu,616
patches.php?mode=show&unit=G3&ID=9637,9637,messa boo,drive,3.5,False,False,2016-12-26,burimveliu,868
patches.php?mode=show&unit=G3&ID=9638,9638,clean,clean,2.0,False,False,2016-12-26,burimveliu,1000
patches.php?mode=show&unit=G3&ID=9635,9635,Crunch Rhythm Sound,Juca Nery,3.0,False,False,2016-12-25,jucanery,664
patches.php?mode=show&unit=G3&ID=9630,9630,Rocket Ride,KISS/Ace Frehley,1.0,False,False,2016-12-22,Hippie James,605
patches.php?mode=show&unit=G3&ID=9627,9627,COUNTDOW TO EXTINCTION/Symphony Of Destruction,MEGADETH,3.0,False,False,2016-12-18,RiFFMasteR9000,988
patches.php?mode=show&unit=G3&ID=9622,9622,Rock sound,some of the best,3.0,False,True,2016-12-16,J.D.S.,1449
patches.php?mode=show&unit=G3&ID=9617,9617,Back in Black,AC/DC,3.7,True,False,2016-12-15,J.D.S.,3019
patches.php?mode=show&unit=G3&ID=9618,9618,Refuzzverb,J.D.S.,3.7,True,False,2016-12-15,J.D.S.,630
patches.php?mode=show&unit=G3&ID=9613,9613,Shoegazin,N/A,2.0,False,False,2016-12-13,Sam Marlatt lll,509
patches.php?mode=show&unit=G3&ID=9614,9614,Verb is the Word,Sam Marlatt lll,3.3,True,False,2016-12-13,Sam Marlatt lll,660
patches.php?mode=show&unit=G3&ID=9615,9615,Acoustic,J.D.S.,3.0,True,False,2016-12-13,J.D.S.,1176
patches.php?mode=show&unit=G3&ID=9616,9616,Unchained,Van Halen,3.0,True,False,2016-12-13,J.D.S.,897
patches.php?mode=show&unit=G3&ID=9605,9605,Solo / Making Love Out Nothing All,Air Supply,5.0,True,False,2016-12-12,Renylo M,905
patches.php?mode=show&unit=G3&ID=9604,9604,KingDiam,King Diamond,3.3,True,False,2016-12-10,StÃ©phane Per...,646
patches.php?mode=show&unit=G3&ID=9597,9597,Paranoid,T.Iommi,3.5,True,False,2016-12-09,JozephDS,834
patches.php?mode=show&unit=G3&ID=9598,9598,Dreaming Of You,Matt Schofield,4.5,True,False,2016-12-09,tigerwalk,571
patches.php?mode=show&unit=G3&ID=9599,9599,Unchained,Eddie VH,4.5,True,False,2016-12-09,JozephDS,811
patches.php?mode=show&unit=G3&ID=9592,9592,Praise & Worship Patch Set 2016,Praise & Worship,1.0,False,False,2016-12-08,Meiannatee,1162
patches.php?mode=show&unit=G3&ID=9593,9593,Ghost Pepper,N/A,5.0,False,False,2016-12-08,Sam Marlatt lll,670
patches.php?mode=show&unit=G3&ID=9594,9594,Mr.David,David Gilmour,4.0,True,False,2016-12-08,JozephDS,1236
patches.php?mode=show&unit=G3&ID=9595,9595,Eruption,Eddie VH,4.0,True,False,2016-12-08,JozephDS,1235
patches.php?mode=show&unit=G3&ID=9596,9596,Matt Schofield tone,Matt Schofield,3.5,True,False,2016-12-08,tigerwalk,562
patches.php?mode=show&unit=G3&ID=9589,9589,Piano on Guitar,Me,2.5,False,False,2016-12-06,IG:@mochazmy,1031
patches.php?mode=show&unit=G3&ID=9588,9588,P.Z. - Amp Models - High Cut,none,4.0,False,False,2016-12-04,P.Z.,508
patches.php?mode=show&unit=G3&ID=9568,9568,Funky Monks,Red Hot Chili Peppers,4.0,False,True,2016-11-19,SÃ©bastien ca...,1075
patches.php?mode=show&unit=G3&ID=9569,9569,Suck My Kiss (solo),Red Hot Chili Peppers,4.0,False,True,2016-11-19,SÃ©bastien ca...,733
patches.php?mode=show&unit=G3&ID=9570,9570,Mellowship Slinky (intro / Outro),Red Hot Chili Peppers,4.0,False,True,2016-11-19,SÃ©bastien ca...,556
patches.php?mode=show&unit=G3&ID=9571,9571,Mellowship Slinky (intro / Outro),Red Hot Chili Peppers,1.0,False,True,2016-11-19,SÃ©bastien ca...,437
patches.php?mode=show&unit=G3&ID=9572,9572,Mellowship Slinky clean,Red Hot Chili Peppers,4.0,False,True,2016-11-19,SÃ©bastien ca...,627
patches.php?mode=show&unit=G3&ID=9573,9573,The Righteous And The Wicked clean,Red Hot Chili Peppers,1.0,False,True,2016-11-19,SÃ©bastien ca...,578
patches.php?mode=show&unit=G3&ID=9574,9574,The Righteous And The Wicked lead,Red Hot Chili Peppers,3.0,False,True,2016-11-19,SÃ©bastien ca...,504
patches.php?mode=show&unit=G3&ID=9575,9575,The Power Of Equality,Red Hot Chili Peppers,4.0,False,True,2016-11-19,SÃ©bastien ca...,582
patches.php?mode=show&unit=G3&ID=9550,9550,Sabbath Wah,Black Sabbath,3.0,False,False,2016-11-06,Hippie James,673
patches.php?mode=show&unit=G3&ID=9542,9542,Tame impala,Tame impala,3.0,False,False,2016-11-01,AlexR,687
patches.php?mode=show&unit=G3&ID=9543,9543,Synth Lead Tame impala,Tame Impala,1.0,False,False,2016-11-01,AlexR,665
patches.php?mode=show&unit=G3&ID=9540,9540,KISS Alive!,KISS,3.0,False,False,2016-10-28,Hippie James,701
patches.php?mode=show&unit=G3&ID=9529,9529,HEAVY LEADS,DareDevilX,1.0,False,False,2016-10-22,DareDevilX,681
patches.php?mode=show&unit=G3&ID=9530,9530,Marshall Amp - Solo,Guitarist,3.0,True,False,2016-10-22,Renylo M,1748
patches.php?mode=show&unit=G3&ID=9523,9523,Bogner Drive Rhytm,Bogner Amp,3.0,True,False,2016-10-21,Renylo M,982
patches.php?mode=show&unit=G3&ID=9524,9524,Extreme Distortion SOLO,Guitarist,5.0,True,True,2016-10-21,Renylo M,1880
patches.php?mode=show&unit=G3&ID=9504,9504,Mesa/Boogie Mark III Metallica,Metallica,4.3,True,False,2016-10-03,burrekatt,2547
patches.php?mode=show&unit=G3&ID=9497,9497,Empty Patch List,ashbass,5.0,False,False,2016-09-29,ashbass,733
patches.php?mode=show&unit=G3&ID=9490,9490,I Disappear,Metallica,4.5,False,False,2016-09-23,metaljunkie,956
patches.php?mode=show&unit=G3&ID=9488,9488,GLASGOW KISS,JOHN PETRUCCI,3.5,False,False,2016-09-20,Leo.micro,1251
patches.php?mode=show&unit=G3&ID=9477,9477,Paranoid,Black Sabbath,2.8,True,False,2016-09-07,KCS,1339
patches.php?mode=show&unit=G3&ID=9472,9472,Patch group,various world musicians,4.3,False,False,2016-08-29,boxvictor,1601
patches.php?mode=show&unit=G3&ID=9471,9471,G5 preset Patch to G3/G3x,G5 to G3,3.4,False,False,2016-08-28,Leo.micro,1620
patches.php?mode=show&unit=G3&ID=9467,9467,LEGEND's SERIES Patches,Mixed Guitar Tones,2.0,False,False,2016-08-21,Allen Perez,1497
patches.php?mode=show&unit=G3&ID=9455,9455,P.Z. Many Patches,none,5.0,False,False,2016-08-20,P.Z.,1193
patches.php?mode=show&unit=G3&ID=9452,9452,HPS-LEAD,Allen Perez,2.0,False,False,2016-08-16,Allen Perez,737
patches.php?mode=show&unit=G3&ID=9446,9446,Joe Bonamassa for G3/G3X,Joe Bonamassa,3.0,False,False,2016-08-14,Leo.micro,1323
patches.php?mode=show&unit=G3&ID=9447,9447,Joe Bonamassa Lead,Joe Bonamassa,4.0,False,False,2016-08-14,Leo.micro,1198
patches.php?mode=show&unit=G3&ID=9444,9444,21 Guns,Greenday,3.0,False,False,2016-08-10,Leo.micro,1053
patches.php?mode=show&unit=G3&ID=9432,9432,Supersonic,Oasis,1.0,True,False,2016-08-01,nemuru,839
patches.php?mode=show&unit=G3&ID=9431,9431,For the Love Of God (G3),Steve vai,4.0,True,False,2016-07-31,Leo.micro,2097
patches.php?mode=show&unit=G3&ID=9422,9422,CRY-LEAD,METAL LEAD,5.0,False,False,2016-07-27,Allen Perez,942
patches.php?mode=show&unit=G3&ID=9423,9423,Joe Bonamassa Guitar Sound,Joe Bonamassa miki hadad,4.0,False,False,2016-07-27,miki hadad,800
patches.php?mode=show&unit=G3&ID=9419,9419,Acoustic,Yngwie J,3.0,False,False,2016-07-26,Leo.micro,1377
patches.php?mode=show&unit=G3&ID=9416,9416,All Empty Slots,na,,False,False,2016-07-23,ashbass,653
patches.php?mode=show&unit=G3&ID=9417,9417,G3 Vesion of All Empty Patches,na,,False,False,2016-07-23,ashbass,717
patches.php?mode=show&unit=G3&ID=9415,9415,BLACKSTAR AMP,Allen Perez,2.0,False,False,2016-07-22,Allen Perez,853
patches.php?mode=show&unit=G3&ID=9403,9403,drive sound,Me,5.0,False,False,2016-07-16,SATO,799
patches.php?mode=show&unit=G3&ID=9404,9404,Eric Johnson clean tone,Eric Johnson,,False,False,2016-07-16,SATO,1447
patches.php?mode=show&unit=G3&ID=9400,9400,mayer solo,john mayer,1.0,False,False,2016-07-15,AlbertoS,1579
patches.php?mode=show&unit=G3&ID=9401,9401,petrucci,john petrucci,4.0,False,False,2016-07-15,AlbertoS,1159
patches.php?mode=show&unit=G3&ID=9392,9392,voodo child,hendrix,1.0,False,False,2016-07-05,Neo,1321
patches.php?mode=show&unit=G3&ID=9389,9389,Brothers in arms,Mark Knopfler,5.0,False,False,2016-07-02,MatevÅ¾B,1607
patches.php?mode=show&unit=G3&ID=9387,9387,Meshuggah: Nothing Distorted Tone,Meshuggah,4.0,True,False,2016-07-01,Urist,1165
patches.php?mode=show&unit=G3&ID=9375,9375,Jhon Frusciante,Red Hot Chilli Peppers,,False,False,2016-06-22,Diego Volpato,1806
patches.php?mode=show&unit=G3&ID=9376,9376,Another Brick In The Wall Part 1,Pink Floyd,4.0,False,False,2016-06-22,Diego Volpato,1693
patches.php?mode=show&unit=G3&ID=9377,9377,Sad But True,Metallica,3.0,False,False,2016-06-22,Diego Volpato,1362
patches.php?mode=show&unit=G3&ID=9379,9379,Avenged Sevenfold Rhythm,Avenged Sevenfold,3.0,False,False,2016-06-22,Drew Blakey,1090
patches.php?mode=show&unit=G3&ID=9368,9368,Circa Survive (Colin),Circa Survive,1.0,False,False,2016-06-17,Drew Blakey,644
patches.php?mode=show&unit=G3&ID=9369,9369,Linkin Park (Hunting Party album),Linkin Park,,False,False,2016-06-17,Drew Blakey,1105
patches.php?mode=show&unit=G3&ID=9363,9363,Circa Survive,Circa Survive,4.0,False,False,2016-06-14,Drew Blakey,465
patches.php?mode=show&unit=G3&ID=9362,9362,Psycho,Muse,3.0,True,False,2016-06-13,Javiii00,1066
patches.php?mode=show&unit=G3&ID=9345,9345,Worship Guitar - Bethel,Filiph Campos,,False,False,2016-06-04,Filiph Campos,1195
patches.php?mode=show&unit=G3&ID=9346,9346,Base Guitarr - Bethel,Filiph Campos,3.0,False,False,2016-06-04,Filiph Campos,872
patches.php?mode=show&unit=G3&ID=9347,9347,Lead Tone Guitar - Bethel,Filiph Campos,3.0,False,False,2016-06-04,Filiph Campos,1178
patches.php?mode=show&unit=G3&ID=9348,9348,Lead Tone Guitar - Bethel,Filiph Campos,1.0,False,False,2016-06-04,Filiph Campos,658
patches.php?mode=show&unit=G3&ID=9349,9349,Sweels Guitar Tone - Bethel,Filiph Campos,2.0,False,False,2016-06-04,Filiph Campos,937
patches.php?mode=show&unit=G3&ID=9334,9334,C. Santana,Carlos Santana,4.0,False,False,2016-05-30,Davide Luccardi,2158
patches.php?mode=show&unit=G3&ID=9329,9329,Skin O My Teeth,Megadeth,5.0,True,False,2016-05-29,Nicholas Da Ron...,1311
patches.php?mode=show&unit=G3&ID=9327,9327,boss sd1 booster,Zagni L.,1.0,False,False,2016-05-27,Zagni L.,671
patches.php?mode=show&unit=G3&ID=9318,9318,Clean - Stairway To Heaven,Led Zeppelin,,True,False,2016-05-22,Andrea Calzetta,2507
patches.php?mode=show&unit=G3&ID=9309,9309,Hot Metal/Hard Rock rhythmics,Zagni L.,5.0,False,False,2016-05-15,Zagni L.,939
patches.php?mode=show&unit=G3&ID=9310,9310,Hot Metal/ Hard Rock lead,Zagni L.,4.0,False,False,2016-05-15,Zagni L.,854
patches.php?mode=show&unit=G3&ID=9311,9311,Hot Clean Metal/ Hard Rock,Zagni L.,1.0,False,False,2016-05-15,Zagni L.,851
patches.php?mode=show&unit=G3&ID=9307,9307,Seven Nation Army,The White Stripes,4.0,False,True,2016-05-14,Danilo Lima,1137
patches.php?mode=show&unit=G3&ID=9302,9302,Metal Hard Rock,Zagni L.,5.0,False,False,2016-05-08,Zagni L.,1125
patches.php?mode=show&unit=G3&ID=9303,9303,Solo Metal Hard Rock,Zagni L.,5.0,False,False,2016-05-08,zagni L.,1024
patches.php?mode=show&unit=G3&ID=9304,9304,Clean,zagni l.,,False,False,2016-05-08,Zagni L.,950
patches.php?mode=show&unit=G3&ID=9298,9298,Mobius,Josep QuiÃ±onero,,True,False,2016-05-06,Mobius,1030
patches.php?mode=show&unit=G3&ID=9297,9297,BlueOrchid,The White Stripes,4.0,False,True,2016-05-03,Danilo Lima,803
patches.php?mode=show&unit=G3&ID=9289,9289,MS59,n/a,3.0,False,False,2016-04-28,Anon,624
patches.php?mode=show&unit=G3&ID=9285,9285,Default Factory Patches,G3x,4.0,False,False,2016-04-27,Criogena,1101
patches.php?mode=show&unit=G3&ID=9286,9286,Void Seeker - Criogena,Void Seeker,3.0,False,True,2016-04-27,Criogena,710
patches.php?mode=show&unit=G3&ID=9271,9271,Solid State Amp Boost,Me,,False,False,2016-04-17,Nicholas Da Ron...,663
patches.php?mode=show&unit=G3&ID=9272,9272,80s Shred,Me,3.0,True,False,2016-04-17,Nicholas Da Ron...,1611
patches.php?mode=show&unit=G3&ID=9273,9273,Church Organ,Me,3.0,True,False,2016-04-17,Nicholas Da Ron...,1009
patches.php?mode=show&unit=G3&ID=9265,9265,Electric Funeral,Black Sabbath,1.0,True,False,2016-04-16,Nicholas Da Ron...,1101
patches.php?mode=show&unit=G3&ID=9268,9268,TW Rock,mamerjamer,,False,False,2016-04-16,mamerjamer,614
patches.php?mode=show&unit=G3&ID=9269,9269,Good LP Nk,mamerjamer,3.0,False,False,2016-04-16,mamerrjamer,505
patches.php?mode=show&unit=G3&ID=9262,9262,Plug in Baby Muse Fuzz Factory,Muse,4.0,True,False,2016-04-14,javiii00,1502
patches.php?mode=show&unit=G3&ID=9239,9239,warm clean,djent,,False,False,2016-04-01,eichtee,1149
patches.php?mode=show&unit=G3&ID=9194,9194,Jack White,Jack White,,False,False,2016-03-09,bwj_theone,1095
patches.php?mode=show&unit=G3&ID=9142,9142,Hi Gain 1,N/A,3.0,False,False,2016-02-20,anonimus,1022
patches.php?mode=show&unit=G3&ID=9143,9143,Hi Gain 2,N/A,,False,False,2016-02-20,anonimus,770
patches.php?mode=show&unit=G3&ID=9145,9145,Hi Gain 3,N/A,5.0,False,False,2016-02-20,anonimus,925
patches.php?mode=show&unit=G3&ID=9133,9133,Dreamtheater,john petrucci,3.0,False,False,2016-02-15,rakistah,1762
patches.php?mode=show&unit=G3&ID=9134,9134,"80""s Classic Drive",john petrucci,3.0,False,False,2016-02-15,rakistah,1390
patches.php?mode=show&unit=G3&ID=9135,9135,Eric johnson clean (dry),eric johnson,1.0,False,False,2016-02-15,rakistah,1394
patches.php?mode=show&unit=G3&ID=9105,9105,EnsembleLead,David Reeves,,False,False,2016-02-03,David Reeves,913
patches.php?mode=show&unit=G3&ID=9093,9093,Djent,Periphery jake,4.0,False,False,2016-01-28,Yuto,1221
patches.php?mode=show&unit=G3&ID=9091,9091,Country Clean,Kas,2.0,False,True,2016-01-27,Kas67,2064
patches.php?mode=show&unit=G3&ID=9092,9092,Lukather / Old,Steve Lukather,,False,True,2016-01-27,Kas67,1664
patches.php?mode=show&unit=G3&ID=9090,9090,Vintage Clean,Various,1.0,False,False,2016-01-26,Sexylol,1315
patches.php?mode=show&unit=G3&ID=9074,9074,metal100%,N/A,4.0,False,False,2016-01-19,cimon,1069
patches.php?mode=show&unit=G3&ID=9066,9066,Country clean,nicky,,False,False,2016-01-13,Kas67,1297
patches.php?mode=show&unit=G3&ID=9043,9043,vai,steve vai,4.0,True,False,2015-12-26,mark dal,2318
patches.php?mode=show&unit=G3&ID=9040,9040,dt images rythm,john petrucci,2.5,True,False,2015-12-25,mark dal,1751
patches.php?mode=show&unit=G3&ID=8973,8973,Runnin' With The Devil,Van Halen,4.3,True,False,2015-11-29,GDB,2626
patches.php?mode=show&unit=G3&ID=8974,8974,Dance The Night Away,Van Halen,3.8,True,False,2015-11-29,GDB,1682
patches.php?mode=show&unit=G3&ID=8975,8975,Everybody Wants Some!!,Van Halen,2.5,True,False,2015-11-29,GDB,1223
patches.php?mode=show&unit=G3&ID=8976,8976,Unchained,Van Halen,3.3,True,False,2015-11-29,GDB,1144
patches.php?mode=show&unit=G3&ID=8977,8977,"Oh, Pretty Woman",Van Halen,4.7,True,False,2015-11-29,GDB,1807
patches.php?mode=show&unit=G3&ID=8978,8978,Panama,Van Halen,4.0,True,False,2015-11-29,GDB,2234
patches.php?mode=show&unit=G3&ID=8964,8964,Seasons in the Abyss,Slayer,4.5,False,True,2015-11-15,FedX79,2099
patches.php?mode=show&unit=G3&ID=8966,8966,Man In The Box,Alice In Chains - Jerry Cantrell,3.5,False,False,2015-11-15,FedX79,1429
patches.php?mode=show&unit=G3&ID=8928,8928,G3x RAndall RG1503 Tone,Edney Helene,1.0,False,False,2015-11-01,Edney Helene,1086
patches.php?mode=show&unit=G3&ID=8913,8913,G5 patchs converted to work on G3x,Edney Helene,4.6,False,False,2015-10-24,Edney Helene,1829
patches.php?mode=show&unit=G3&ID=8914,8914,Clean Fender Bassman,N/A,5.0,False,False,2015-10-24,CAS,2608
patches.php?mode=show&unit=G3&ID=8915,8915,Clean Blues Breaker,N/A,5.0,False,False,2015-10-24,CAS,2154
patches.php?mode=show&unit=G3&ID=8916,8916,Clean Vibroverb,N/A,1.0,False,False,2015-10-24,CAS,1131
patches.php?mode=show&unit=G3&ID=8917,8917,Clean Boogie Mark III,N/A,5.0,False,False,2015-10-24,CAS,1787
patches.php?mode=show&unit=G3&ID=8918,8918,Clean Plexi,N/A,3.0,False,False,2015-10-24,CAS,1179
patches.php?mode=show&unit=G3&ID=8897,8897,10 Clean Patches,Efe,4.0,False,False,2015-10-11,Efe Cobanoglu,2359
patches.php?mode=show&unit=G3&ID=8890,8890,LushDream,80's \ dream pop \ post rock,2.0,False,False,2015-10-05,olegario santan...,1124
patches.php?mode=show&unit=G3&ID=8891,8891,Lush_Lead,80's \ dream pop \ post rock LEAD,5.0,False,False,2015-10-05,olegario santan...,1974
patches.php?mode=show&unit=G3&ID=8853,8853,JCulture (Holding Nothing Back),Jesus Culture,2.0,False,False,2015-09-19,Drago Dragoev,1007
patches.php?mode=show&unit=G3&ID=8855,8855,Pltshakers,Planetshakers,2.0,False,False,2015-09-19,Drag Dragoev,926
patches.php?mode=show&unit=G3&ID=8844,8844,LizzyBreak,Thin Lizzy,4.5,True,False,2015-09-18,bossfrog,1671
patches.php?mode=show&unit=G3&ID=8838,8838,Time Solo,Pink Floyd,3.0,True,False,2015-09-15,bossfrog,1945
patches.php?mode=show&unit=G3&ID=8827,8827,shots,imagine dragons,1.0,False,False,2015-09-02,richardandpenny,774
patches.php?mode=show&unit=G3&ID=8825,8825,Aby Metal patch.,David Reeves,1.0,True,False,2015-08-31,David Reeves,992
patches.php?mode=show&unit=G3&ID=8819,8819,Cleanish Marshall,Chili Peppers,2.5,False,False,2015-08-25,viddybender,1539
patches.php?mode=show&unit=G3&ID=8814,8814,Youth of the Nation,P.O.D,2.5,True,False,2015-08-23,EMG,1130
patches.php?mode=show&unit=G3&ID=8807,8807,Lead metal Patch.,David Reeves,3.0,True,False,2015-08-20,David Reeves,1054
patches.php?mode=show&unit=G3&ID=8808,8808,gunman,Them Crooked Vultures,4.5,False,False,2015-08-20,richardandpenny,839
patches.php?mode=show&unit=G3&ID=8803,8803,Red Barchetta - Drive,Rush,3.3,True,False,2015-08-15,FedX79,1018
patches.php?mode=show&unit=G3&ID=8804,8804,Unholy Confessions (Waking The Fallen 2003),Avenged Sevenfold,3.0,True,False,2015-08-15,Tigra,1568
patches.php?mode=show&unit=G3&ID=8801,8801,Kill Em All Album - Distorion,Metallica,4.0,True,False,2015-08-14,FedX79,2733
patches.php?mode=show&unit=G3&ID=8802,8802,Wicked Garden,Stone Temple Pilots,3.0,True,False,2015-08-14,FedX79,1169
patches.php?mode=show&unit=G3&ID=8791,8791,ModrnJazz~,Various Modern Jazz Players.,5.0,False,False,2015-08-05,teleosus,2036
patches.php?mode=show&unit=G3&ID=8786,8786,6_SurfSounds~,"6 Surf Sounds ""Zipped""",3.0,False,False,2015-08-04,teleosus,954
patches.php?mode=show&unit=G3&ID=8784,8784,ScMoore~,Scotty Moore,4.0,False,False,2015-08-01,teleosus,838
patches.php?mode=show&unit=G3&ID=8782,8782,Harmoniz,Wino,3.0,False,False,2015-07-29,Wino,832
patches.php?mode=show&unit=G3&ID=8781,8781,Insane Metal,Speedball,2.0,False,False,2015-07-26,Thierry,882
patches.php?mode=show&unit=G3&ID=8774,8774,EMG89 for pop modern rock - Connect link,Strike witches - Ishida Yoko,3.7,False,True,2015-07-25,syakugannoikamu...,1395
patches.php?mode=show&unit=G3&ID=8775,8775,BBKing~,BB King,4.0,False,False,2015-07-25,teleosus,2846
patches.php?mode=show&unit=G3&ID=8776,8776,Beatles~,Beatles,3.0,False,False,2015-07-25,teleosus,1364
patches.php?mode=show&unit=G3&ID=8756,8756,Sweet Dist & Lead,Biraj,5.0,False,False,2015-07-18,biraj,1279
patches.php?mode=show&unit=G3&ID=8753,8753,Youthanasia Distortion - Album,Megadeth - Dave Mustaine,3.8,True,False,2015-07-13,FedX79,1746
patches.php?mode=show&unit=G3&ID=8751,8751,Images & Words Album - Distortion,Dream Theater - John Petruci,2.0,True,False,2015-07-11,FedX79,1618
patches.php?mode=show&unit=G3&ID=8752,8752,Dimebag Darrel Distortion,Pantera,3.7,True,False,2015-07-11,FedX79,1939
patches.php?mode=show&unit=G3&ID=8750,8750,Metal core sound,Yuto,3.3,False,False,2015-07-10,yuto,1096
patches.php?mode=show&unit=G3&ID=8748,8748,run like hell,pink floyd,2.0,False,False,2015-07-09,richardandpenny,997
patches.php?mode=show&unit=G3&ID=8745,8745,Nickelback,Nickelback,5.0,False,False,2015-07-05,Hawkeyeted,1531
patches.php?mode=show&unit=G3&ID=8735,8735,Good For Lead,Zoom,5.0,False,False,2015-06-28,Prase,1882
patches.php?mode=show&unit=G3&ID=8736,8736,Fat and Warm Lead Sound,ZOOM,3.0,False,False,2015-06-28,Prase,1246
patches.php?mode=show&unit=G3&ID=8738,8738,China Grove,Doobie Brothers,5.0,False,False,2015-06-28,Marsden,1169
patches.php?mode=show&unit=G3&ID=8727,8727,American idiot (Album),Green Day,3.5,True,True,2015-06-27,MikyPt,2256
patches.php?mode=show&unit=G3&ID=8730,8730,"warm, clean tone",clean/acoustic,4.7,False,False,2015-06-27,TheEscalator,2500
patches.php?mode=show&unit=G3&ID=8723,8723,lonely boy,black keys,4.0,False,False,2015-06-24,richardandpenny,1131
patches.php?mode=show&unit=G3&ID=8724,8724,MYSTERIOUS WAYS,U2,2.0,False,False,2015-06-24,RICHARDAND PENN...,989
patches.php?mode=show&unit=G3&ID=8725,8725,ZOOROPA,U2,3.0,False,False,2015-06-24,richardandpenny,878
patches.php?mode=show&unit=G3&ID=8715,8715,Clean tone,n/a,3.0,True,False,2015-06-21,jaja,1369
patches.php?mode=show&unit=G3&ID=8696,8696,Need Your Love So Bad,Green/Moore-ish,4.0,True,False,2015-06-01,Will Patching,1737
patches.php?mode=show&unit=G3&ID=8690,8690,Greeny Blues,Peter Green style,3.0,False,True,2015-05-29,Will Patching,1328
patches.php?mode=show&unit=G3&ID=8687,8687,Comfortably Numb,Pink Floyd - David Gilmour,2.0,False,False,2015-05-24,Mattimonz,1970
patches.php?mode=show&unit=G3&ID=8663,8663,Time solo,Pink Floyd,1.0,True,False,2015-05-08,Alex_84,1353
patches.php?mode=show&unit=G3&ID=8666,8666,Tool,Adam Jones,5.0,False,False,2015-05-08,Bergison,1181
patches.php?mode=show&unit=G3&ID=8660,8660,General Knopfler,Dire Straits/Knopfler,1.0,False,False,2015-05-04,Alex_84,1746
patches.php?mode=show&unit=G3&ID=8638,8638,The Shadows patches,"The Shadows, Hank Marvin",3.5,False,True,2015-05-03,MatevÅ¾B,12928
patches.php?mode=show&unit=G3&ID=8620,8620,Liquid lead attempt,Brian may (but not his particular tone),5.0,True,False,2015-04-15,Cules,1432
patches.php?mode=show&unit=G3&ID=8616,8616,D.I.R.T &  B.O.M.B.,Rock'n'Roller,1.0,True,False,2015-04-13,P.Z.,1150
patches.php?mode=show&unit=G3&ID=8581,8581,modern metal tone,_,4.5,True,False,2015-04-03,ryoooooooosuke2...,2881
patches.php?mode=show&unit=G3&ID=8573,8573,Arctic Monkeys (first CDs),Arctic Monkeys,4.0,False,False,2015-03-24,Tom Magar,1426
patches.php?mode=show&unit=G3&ID=8574,8574,Arctic Monkeys (last CDs),Arctic Monkeys,4.0,False,False,2015-03-24,Tom Magar,1220
patches.php?mode=show&unit=G3&ID=8560,8560,satch 1,joe satriani,3.5,False,True,2015-03-16,tsunamizone,2200
patches.php?mode=show&unit=G3&ID=8562,8562,Fade to Black (clean tone),Metallica,4.3,True,False,2015-03-16,Piotr Sz.,4803
patches.php?mode=show&unit=G3&ID=8555,8555,pgr beck,jeff beck,3.0,False,True,2015-03-15,tsunamizone,1264
patches.php?mode=show&unit=G3&ID=8558,8558,alrite now,Paul Kossoff,3.0,False,True,2015-03-15,tsunamizone,816
patches.php?mode=show&unit=G3&ID=8559,8559,ladyland,hendrix,1.0,False,False,2015-03-15,tsunamizone,846
patches.php?mode=show&unit=G3&ID=8550,8550,Overdrive 2,"Metal , Rock",3.7,True,False,2015-03-13,Piotr Sz.,2512
patches.php?mode=show&unit=G3&ID=8546,8546,cod clean,eric johnson,4.0,False,True,2015-03-11,tsunamizone,2050
patches.php?mode=show&unit=G3&ID=8542,8542,"vintage sound (the cure, placebo, ecc.)",MirrorV,2.3,True,False,2015-03-10,MirrorV,1633
patches.php?mode=show&unit=G3&ID=8543,8543,acoustic guitar,MirrorV,3.0,True,False,2015-03-10,MirrorV,2953
patches.php?mode=show&unit=G3&ID=8544,8544,Special Needs,Placebo,4.0,True,False,2015-03-10,MirrorV,1231
patches.php?mode=show&unit=G3&ID=8545,8545,electrical storm,u2,4.5,True,False,2015-03-10,MirrorV,1677
patches.php?mode=show&unit=G3&ID=8535,8535,cln jimi,jimi hendrix,5.0,False,False,2015-03-09,tsunamizone,1778
patches.php?mode=show&unit=G3&ID=8536,8536,creamy t,cream (eric clapton),3.0,False,False,2015-03-09,tsunamizone,1212
patches.php?mode=show&unit=G3&ID=8540,8540,bmwoman,SANTANA { BLACK MAGIC WOMAN },3.0,False,False,2015-03-09,tsunamizone,1800
patches.php?mode=show&unit=G3&ID=8524,8524,e johnson,eric johnson,4.5,False,False,2015-03-08,tsunamizone,1499
patches.php?mode=show&unit=G3&ID=8525,8525,ham organ,60's,3.0,False,False,2015-03-08,tsunamizone,1145
patches.php?mode=show&unit=G3&ID=8526,8526,little wing,jimi hendrix,3.0,False,False,2015-03-08,tsunamizone,1380
patches.php?mode=show&unit=G3&ID=8527,8527,eruption,eddie van halen,2.0,False,False,2015-03-08,tsunamizone,1188
patches.php?mode=show&unit=G3&ID=8528,8528,hendrix,jimi hendrix,3.3,False,False,2015-03-08,tsunamizone,1254
patches.php?mode=show&unit=G3&ID=8529,8529,smokewater,deep purple,2.0,False,False,2015-03-08,tsunamizone,1934
patches.php?mode=show&unit=G3&ID=8530,8530,purplerain,prince,3.0,False,False,2015-03-08,tsunamizone,1469
patches.php?mode=show&unit=G3&ID=8531,8531,honkytonk,country,3.5,False,False,2015-03-08,tsunamizone,1335
patches.php?mode=show&unit=G3&ID=8532,8532,frampton-1,peter frampton,3.0,False,False,2015-03-08,tsunamizone,739
patches.php?mode=show&unit=G3&ID=8533,8533,chillpeppr,rhcp,5.0,False,False,2015-03-08,tsunamizone,1969
patches.php?mode=show&unit=G3&ID=8534,8534,mrjohnson,eric johnson,5.0,False,False,2015-03-08,tsunamizone,1297
patches.php?mode=show&unit=G3&ID=8510,8510,HPS solo,Brian May,5.0,False,False,2015-02-28,boxvictor,1712
patches.php?mode=show&unit=G3&ID=8511,8511,May`s Solo,Brian May,4.5,False,False,2015-02-28,boxvictor,1676
patches.php?mode=show&unit=G3&ID=8512,8512,PINK CITY,David Gilmore,4.5,False,False,2015-02-28,boxvictor,1374
patches.php?mode=show&unit=G3&ID=8513,8513,Cluster One,David Gilmore,2.5,False,False,2015-02-28,boxvictor,899
patches.php?mode=show&unit=G3&ID=8514,8514,BOTOM SOLO,___,2.0,False,False,2015-02-28,boxvictor,650
patches.php?mode=show&unit=G3&ID=8494,8494,djent,djentleman,2.7,True,False,2015-02-21,djentleman,1345
patches.php?mode=show&unit=G3&ID=8461,8461,Metal/The Afterimage/Djent/Intervals,Intervals/The Afterimage,3.0,False,False,2015-02-15,Alonsofr94,1284
patches.php?mode=show&unit=G3&ID=8447,8447,Cream - Sunshine of your love,Cream,1.0,False,False,2015-02-09,CrazyDiamond,1197
patches.php?mode=show&unit=G3&ID=8440,8440,7thson - The clairvoyant,Iron Maiden,1.0,False,True,2015-02-07,syakugannoikamu...,1563
patches.php?mode=show&unit=G3&ID=8438,8438,metal/lead,Herick,4.0,False,False,2015-02-04,Herick,921
patches.php?mode=show&unit=G3&ID=8435,8435,For Whom The Bell Tolls,Metallica,4.0,False,True,2015-02-03,mr.mustaine,1484
patches.php?mode=show&unit=G3&ID=8417,8417,GARY03 - Blood of emeralds,Gary moore,5.0,False,True,2015-01-24,syakugannoikamu...,1842
patches.php?mode=show&unit=G3&ID=8415,8415,Ride The Lightning Album,Metallica,4.0,True,False,2015-01-22,mr.mustaine,2270
patches.php?mode=show&unit=G3&ID=8405,8405,Tornado Of Souls,Megadeth,3.0,False,False,2015-01-18,mr.mustaine,1468
patches.php?mode=show&unit=G3&ID=8393,8393,Arena Power Electric Guitar,EISENbricher,3.5,True,False,2015-01-10,EISENbricher,1479
patches.php?mode=show&unit=G3&ID=8378,8378,VULGAR&FAr beyond  DIME DISTORTION 100%,DIME,3.0,False,False,2014-12-28,VIPER  EVO,1136
patches.php?mode=show&unit=G3&ID=8362,8362,StS Clean,Ethan,2.0,False,False,2014-12-18,ethanplaysguita...,936
patches.php?mode=show&unit=G3&ID=8363,8363,StS Rhythm,Scale the Summit,4.0,False,False,2014-12-18,ethanplaysguita...,858
patches.php?mode=show&unit=G3&ID=8364,8364,StS Lead,Scale the Summit,,False,False,2014-12-18,ethanplaysguita...,869
patches.php?mode=show&unit=G3&ID=8365,8365,Slo Clean,Scale the Summit,4.0,False,False,2014-12-18,ethanplaysguita...,981
patches.php?mode=show&unit=G3&ID=8356,8356,NOEL GALLAGHER TONE,OASIS,3.0,True,False,2014-12-07,bLiNd88,1848
patches.php?mode=show&unit=G3&ID=8347,8347,leslie \rotary simulation,classic rock psychedelic rock,1.0,True,False,2014-12-04,olegario santan...,1450
patches.php?mode=show&unit=G3&ID=8348,8348,octaved pitch distortion,Porcupine tree kinda distortion (foabp),3.0,True,False,2014-12-04,olegario santan...,1025
patches.php?mode=show&unit=G3&ID=8334,8334,Twist and Shout,The beatles,,False,False,2014-11-30,220V,1376
patches.php?mode=show&unit=G3&ID=8335,8335,Merry Xmas,The Ramones,1.0,False,False,2014-11-30,220 V,931
patches.php?mode=show&unit=G3&ID=8336,8336,220V Metal,220 V,4.0,False,False,2014-11-30,220 V,1137
patches.php?mode=show&unit=G3&ID=8337,8337,220V Metal 1,220 V,1.0,False,False,2014-11-30,220 V,985
patches.php?mode=show&unit=G3&ID=8338,8338,220V Metal 2,220 V,5.0,False,False,2014-11-30,220 V,1390
patches.php?mode=show&unit=G3&ID=8339,8339,metallica distorted,Metalllica,4.0,False,False,2014-11-30,220 V,1674
patches.php?mode=show&unit=G3&ID=8340,8340,Rock N Roll,220 V,3.0,False,False,2014-11-30,220 V,1095
patches.php?mode=show&unit=G3&ID=8341,8341,Rock With Delay,220 V,2.0,False,False,2014-11-30,220 V,844
patches.php?mode=show&unit=G3&ID=8342,8342,Run around sue - distorted,220 V,5.0,False,False,2014-11-30,220 V,632
patches.php?mode=show&unit=G3&ID=8343,8343,Fortunate Son,CCR,5.0,False,False,2014-11-30,220 V,1062
patches.php?mode=show&unit=G3&ID=8344,8344,April Skies,The Jesus and Mary Chain,4.0,False,False,2014-11-30,220 V,759
patches.php?mode=show&unit=G3&ID=8345,8345,Seven Nation Army,220 V,3.0,False,False,2014-11-30,220 V,930
patches.php?mode=show&unit=G3&ID=8346,8346,It's Not You,The Cure,2.0,False,False,2014-11-30,220 V,801
patches.php?mode=show&unit=G3&ID=8323,8323,Lugar ao sol,Charlie Brown Jr,4.0,False,True,2014-11-24,Guilherme hensi...,979
patches.php?mode=show&unit=G3&ID=8322,8322,Early Pavement sound,Pavement,,True,False,2014-11-23,Toni Ruiz,801
patches.php?mode=show&unit=G3&ID=8313,8313,nice to know/pardon me,Incubus,5.0,False,False,2014-11-15,Monzeuqirne,1187
patches.php?mode=show&unit=G3&ID=8312,8312,money ( tremolo),Pink Floyd,5.0,False,False,2014-11-14,barrient,1473
patches.php?mode=show&unit=G3&ID=8303,8303,Classic Rock,Many classic rockers,4.3,True,False,2014-11-06,Jusme,3680
patches.php?mode=show&unit=G3&ID=8299,8299,Comfortably Numb  live version,Pink Floyd,3.8,False,True,2014-11-01,barrient,3342
patches.php?mode=show&unit=G3&ID=8300,8300,Marshall CRUNCH,classic Hard ROCK,4.0,False,False,2014-11-01,Denis B.,1808
patches.php?mode=show&unit=G3&ID=8296,8296,YJM,Yngwie Malmsteen,4.0,False,False,2014-10-27,ig,2408
patches.php?mode=show&unit=G3&ID=8292,8292,one ( intro),metallica,5.0,False,False,2014-10-25,barrient,1565
patches.php?mode=show&unit=G3&ID=8284,8284,War Arch #1,Arch Enemy,2.7,False,False,2014-10-23,Clint Fulks,1184
patches.php?mode=show&unit=G3&ID=8285,8285,War Eternal,Arch Enemy,2.0,False,False,2014-10-23,Clint Fulks,1096
patches.php?mode=show&unit=G3&ID=8286,8286,Eruption,EVH,1.0,False,False,2014-10-23,Clint Fulks,1222
patches.php?mode=show&unit=G3&ID=8287,8287,Dime 101 live,Dime,3.6,False,False,2014-10-23,Clint Fulks,1210
patches.php?mode=show&unit=G3&ID=8288,8288,Phantom Antichrist,Kreator,3.0,False,False,2014-10-23,Clint Fulks,1253
patches.php?mode=show&unit=G3&ID=8289,8289,ENGL Invader Solo,ENGL !!,5.0,False,False,2014-10-23,Clint Fulks,1705
patches.php?mode=show&unit=G3&ID=8290,8290,Bogner XTC,Bogner XTC Solo,,False,False,2014-10-23,Clint Fulks,1015
patches.php?mode=show&unit=G3&ID=8273,8273,Subterranean Homesick Alien,radiohead,1.0,False,False,2014-10-21,barrient,963
patches.php?mode=show&unit=G3&ID=8274,8274,Are You Gonna Be My Girl,jet,3.0,False,False,2014-10-21,barrient,1008
patches.php?mode=show&unit=G3&ID=8275,8275,Today,Smashing Pumpkins,,True,False,2014-10-21,Engel666,907
patches.php?mode=show&unit=G3&ID=8257,8257,learning to fly,tom petty,1.0,False,False,2014-10-11,barrient,1039
patches.php?mode=show&unit=G3&ID=8259,8259,HQ Electric Bass,-,3.2,True,False,2014-10-11,EISENbricher,2397
patches.php?mode=show&unit=G3&ID=8255,8255,Crunchy Overdrive Through a High Watt,Ayofish,3.3,False,False,2014-10-09,ayofish,979
patches.php?mode=show&unit=G3&ID=8256,8256,Heavy Distortion Through a High Watt,Ayofish,4.0,False,False,2014-10-09,ayofish,850
patches.php?mode=show&unit=G3&ID=8248,8248,yellow ledbetter,pearl jam,4.0,False,True,2014-10-05,barrient,1494
patches.php?mode=show&unit=G3&ID=8246,8246,VoodooChild,Jimi Hendrix,3.0,True,False,2014-10-04,Someone,2583
patches.php?mode=show&unit=G3&ID=8247,8247,how soon is now (tremolo intro),the smiths,,False,True,2014-10-04,barrient,953
patches.php?mode=show&unit=G3&ID=8236,8236,The Holy Hour,The Cure,,False,False,2014-09-28,Toni Ruiz,796
patches.php?mode=show&unit=G3&ID=8234,8234,Sometimes,My Bloody  Valentine,1.0,False,False,2014-09-27,Toni Ruiz,846
patches.php?mode=show&unit=G3&ID=8228,8228,Clean Dreamy Electric,EISENbricher,3.0,False,True,2014-09-25,EISENbricher,1086
patches.php?mode=show&unit=G3&ID=8225,8225,HQ Clean Acoustic,EISENbricher,4.0,True,False,2014-09-24,EISENbricher,3312
patches.php?mode=show&unit=G3&ID=8223,8223,Synyster Gates,Synyster gates,5.0,True,False,2014-09-22,syn,1765
patches.php?mode=show&unit=G3&ID=8215,8215,Slash Live Tokyo Dome in 1992,Slash,4.3,True,False,2014-09-20,Junior Barbosa,5077
patches.php?mode=show&unit=G3&ID=8207,8207,(I Can't Get No) Satisfaction,The Rolling Stones,4.0,True,False,2014-09-17,Jusme,2661
patches.php?mode=show&unit=G3&ID=8198,8198,CRAZY CAT,Raymond Mabinay,4.7,True,False,2014-09-08,Raymond Mabinay,1032
patches.php?mode=show&unit=G3&ID=8194,8194,3rdSTAGE - We're Ready,Boston - Tom Scholz,5.0,False,True,2014-09-07,syakugannoikamu...,1364
patches.php?mode=show&unit=G3&ID=8196,8196,Servo-Leads,The brian Jonestown massacre,,False,False,2014-09-07,LeaderSheep,627
patches.php?mode=show&unit=G3&ID=8183,8183,Raw sounds,ZOOM,2.0,False,False,2014-08-31,P.Z.,956
patches.php?mode=show&unit=G3&ID=8181,8181,ROCKER,Me,2.0,False,False,2014-08-27,Denis B.,777
patches.php?mode=show&unit=G3&ID=8173,8173,Saul2014,Rock,2.5,False,False,2014-08-22,Max,793
patches.php?mode=show&unit=G3&ID=8174,8174,saul1908,Max,,False,False,2014-08-22,Max,619
patches.php?mode=show&unit=G3&ID=8156,8156,Steve Vai meets Brian May,Jusme,5.0,True,False,2014-08-13,Jusme,1350
patches.php?mode=show&unit=G3&ID=8145,8145,Money for Nothing,Dire Straits,4.0,True,False,2014-08-09,RoflcopterDX,2948
patches.php?mode=show&unit=G3&ID=8142,8142,Where the Streets Have No Name,U2,4.0,False,False,2014-08-08,ryv1984,1783
patches.php?mode=show&unit=G3&ID=8143,8143,Bad,U2,,False,False,2014-08-08,ryv1984,1045
patches.php?mode=show&unit=G3&ID=8139,8139,Kill'em All-Seek and Destroy,Metallica,4.0,False,False,2014-08-05,WojtekCymerys,1692
patches.php?mode=show&unit=G3&ID=8115,8115,Wanted Dead or Alive,Bon Jovi,2.5,True,False,2014-07-31,Biz,2783
patches.php?mode=show&unit=G3&ID=8098,8098,test sound,Johnny Winter,1.0,False,False,2014-07-27,Krazymik InPers...,729
patches.php?mode=show&unit=G3&ID=8099,8099,Style,Melvin Taylor,3.0,False,False,2014-07-27,Krazymik InPers...,677
patches.php?mode=show&unit=G3&ID=8100,8100,Rhythm,Punk '77,4.0,False,False,2014-07-27,Krazymik InPers...,1040
patches.php?mode=show&unit=G3&ID=8101,8101,Test,Rory Gallagher,2.0,False,False,2014-07-27,Krazymik InPers...,720
patches.php?mode=show&unit=G3&ID=8092,8092,Mother's Little Helper,The Rolling Stones,3.0,True,False,2014-07-23,Jusme,931
patches.php?mode=show&unit=G3&ID=8090,8090,Heavy Distortion,EchoCoversHD,1.0,False,False,2014-07-21,EchoCoversHD,1107
patches.php?mode=show&unit=G3&ID=8091,8091,Clean,EchoCoversHD,3.0,False,False,2014-07-21,EchoCoversHD,1237
patches.php?mode=show&unit=G3&ID=7986,7986,take five,dave brubeck,1.0,False,False,2014-07-15,barrient,1118
patches.php?mode=show&unit=G3&ID=7975,7975,Bass tone,Me,,False,False,2014-07-10,Me,1803
patches.php?mode=show&unit=G3&ID=7976,7976,and the cradle will rock flanger,EVH,,False,False,2014-07-10,Me,1260
patches.php?mode=show&unit=G3&ID=7973,7973,Turn Turn Turn & If I Needed Someone,The Byrds & The Beatles,5.0,True,False,2014-07-09,Subridere,1589
patches.php?mode=show&unit=G3&ID=7968,7968,disco eterno,soda stereo,3.0,False,False,2014-07-08,barrient,1125
patches.php?mode=show&unit=G3&ID=7959,7959,Cocain,Eric Clapton,3.0,False,False,2014-07-05,220V,3496
patches.php?mode=show&unit=G3&ID=7960,7960,Blue on Black,Kenny Wayne Sheppard,1.0,False,False,2014-07-05,220V,988
patches.php?mode=show&unit=G3&ID=7961,7961,Keep your hands to yourself,George and the satelites,2.0,False,False,2014-07-05,220V,679
patches.php?mode=show&unit=G3&ID=7962,7962,Just like Heaven,The cure,4.0,False,False,2014-07-05,220V,1219
patches.php?mode=show&unit=G3&ID=7963,7963,Last Kiss,Pearl Jam,3.0,False,False,2014-07-05,220V,1032
patches.php?mode=show&unit=G3&ID=7964,7964,Summer of 69 (working),Bryan Adams,4.0,False,False,2014-07-05,220V,1386
patches.php?mode=show&unit=G3&ID=7965,7965,Beds are Burning,Midnight Oil,3.0,False,False,2014-07-05,220V,912
patches.php?mode=show&unit=G3&ID=7954,7954,Summer of 69,Bryan Adams,,False,False,2014-07-04,220V,1109
patches.php?mode=show&unit=G3&ID=7948,7948,midnight special  tremolo intro,creedence clearwater revival,3.0,False,False,2014-07-03,barrient,907
patches.php?mode=show&unit=G3&ID=7952,7952,The Scorpions,The Scorpions,3.7,True,False,2014-07-03,Jusme,1879
patches.php?mode=show&unit=G3&ID=7946,7946,blues. vahid,vahid,5.0,False,False,2014-07-01,...,839
patches.php?mode=show&unit=G3&ID=7943,7943,Get Lucky,Daft Punk,3.0,False,True,2014-06-28,91Snake,2633
patches.php?mode=show&unit=G3&ID=7942,7942,Metal High Gain,Henky Backer,3.7,False,True,2014-06-26,Parabellum,2205
patches.php?mode=show&unit=G3&ID=7938,7938,And Justice for All,Metalllica,4.0,False,False,2014-06-25,CrissE,1688
patches.php?mode=show&unit=G3&ID=7939,7939,Fade to Black - solo,Metallica,,False,False,2014-06-25,CrissE,1589
patches.php?mode=show&unit=G3&ID=7937,7937,Wasted Years,Iron Maiden,3.0,True,False,2014-06-24,Biz,2831
patches.php?mode=show&unit=G3&ID=7927,7927,Kayleigh,Marillion,5.0,True,False,2014-06-19,Jusme,1500
patches.php?mode=show&unit=G3&ID=7928,7928,Working Man,RUSH,5.0,True,False,2014-06-19,Jusme,1174
patches.php?mode=show&unit=G3&ID=7910,7910,American idiot (beginning guitar),Green Day,4.5,True,True,2014-06-13,MikyGD,4392
patches.php?mode=show&unit=G3&ID=7906,7906,This is the 21st Century,Marillion,,True,False,2014-06-12,Jusme,689
patches.php?mode=show&unit=G3&ID=7908,7908,Bass,Basic bass patch,5.0,True,False,2014-06-12,Jusme,2373
patches.php?mode=show&unit=G3&ID=7905,7905,Mandolin,Anyone who uses a mandolin,4.0,True,False,2014-06-11,Jusme,1234
patches.php?mode=show&unit=G3&ID=7899,7899,Marillion,Steve Rothery,1.0,True,False,2014-06-06,Jusme,913
patches.php?mode=show&unit=G3&ID=7898,7898,Headlong,Queen/Brian May,5.0,True,False,2014-06-02,Jusme,1283
patches.php?mode=show&unit=G3&ID=7887,7887,Sudacu,"Acoustic, no specific artist.",3.7,True,False,2014-05-28,Jusme,2676
patches.php?mode=show&unit=G3&ID=7883,7883,The Bitch Is Back,Elton John/Davey Johnstone,3.7,True,False,2014-05-25,Jusme,1306
patches.php?mode=show&unit=G3&ID=7884,7884,motleycrue - Kickstart my heart,Motley Crue,4.3,True,False,2014-05-25,syakugannoikamu...,1555
patches.php?mode=show&unit=G3&ID=7881,7881,Water,Jusme,3.0,True,False,2014-05-22,Jusme,898
patches.php?mode=show&unit=G3&ID=7880,7880,E.V.H.,Van Halen,2.6,True,False,2014-05-21,Jusme,1257
patches.php?mode=show&unit=G3&ID=7877,7877,Metal/High Gain,Rhythm,1.0,True,False,2014-05-19,guitarman,1479
patches.php?mode=show&unit=G3&ID=7878,7878,High Gain Lead Tone,Lead,3.3,True,False,2014-05-19,guitarman,1961
patches.php?mode=show&unit=G3&ID=7879,7879,Ibanez PT3,Jusme,1.5,True,False,2014-05-19,Jusme,909
patches.php?mode=show&unit=G3&ID=7870,7870,Angus,AC/DC,4.0,True,False,2014-05-15,Jusme,3671
patches.php?mode=show&unit=G3&ID=7865,7865,On the turning away,David Gilmour,1.5,False,False,2014-05-13,Flyther,1318
patches.php?mode=show&unit=G3&ID=7866,7866,After dark - From dusk till dawn,Tito and tarantula,3.0,True,False,2014-05-13,Flyther,1299
patches.php?mode=show&unit=G3&ID=7867,7867,I sat by the ocean,Queens of the stone age,3.0,False,False,2014-05-13,Flyther,898
patches.php?mode=show&unit=G3&ID=7860,7860,Finally Free (Lead),John petrucci-Dream Theater,4.8,True,False,2014-05-11,cules,5834
patches.php?mode=show&unit=G3&ID=7855,7855,Saturday Night's Alright For Fighting,Elton John/Davey Johnstone,3.5,True,False,2014-05-07,Jusme,848
patches.php?mode=show&unit=G3&ID=7856,7856,Limelight,RUSH/Alex Lifeson,2.0,True,False,2014-05-07,Jusme,1090
patches.php?mode=show&unit=G3&ID=7846,7846,SRV,Stevie Ray Vaughan,3.3,True,False,2014-05-01,Jusme,2521
patches.php?mode=show&unit=G3&ID=7842,7842,Angustrat,AC/DC,3.8,True,False,2014-04-30,Jusme,2953
patches.php?mode=show&unit=G3&ID=7843,7843,Revolution,The Beatles,2.0,True,False,2014-04-30,Jusme,1169
patches.php?mode=show&unit=G3&ID=7839,7839,Brian May Bohemian Rapsody,Erman,3.7,True,False,2014-04-28,Erman,2055
patches.php?mode=show&unit=G3&ID=7824,7824,81DRIVE - Rock backing for EMG 81,sweet ARMS - Trust in you,5.0,False,True,2014-04-23,syakugannoikamu...,1185
patches.php?mode=show&unit=G3&ID=7817,7817,Stryper,Stryper Michael Sweet/Oz Fox,4.0,True,False,2014-04-18,Jusme,855
patches.php?mode=show&unit=G3&ID=7780,7780,Variax1928,Me,4.2,True,False,2014-03-29,Kurt,1840
patches.php?mode=show&unit=G3&ID=7781,7781,VariaxAc12,Me,1.0,True,False,2014-03-29,Kurt,1433
patches.php?mode=show&unit=G3&ID=7782,7782,VariaxAcou,Me,3.0,True,False,2014-03-29,Kurt,1585
patches.php?mode=show&unit=G3&ID=7783,7783,VariaxSitr,Me,4.8,True,False,2014-03-29,Kurt,1689
patches.php?mode=show&unit=G3&ID=7784,7784,VariaxBanj,Me,3.5,True,False,2014-03-29,Kurt,1475
patches.php?mode=show&unit=G3&ID=7774,7774,Clock Chimes,None...Mini Big Ben,4.3,True,False,2014-03-26,Jusme,1117
patches.php?mode=show&unit=G3&ID=7773,7773,Wylde Distortion,Zakk Wylde,2.0,True,False,2014-03-25,Jusme,2517
patches.php?mode=show&unit=G3&ID=7771,7771,Supersonic Noel,Oasis,3.0,True,False,2014-03-24,bLiNd88,1552
patches.php?mode=show&unit=G3&ID=7760,7760,FAB4-1966,Beatles,2.5,True,False,2014-03-23,Kurt,1503
patches.php?mode=show&unit=G3&ID=7761,7761,FAB-1966#2,TheBeatles,4.5,True,False,2014-03-23,Kurt,2812
patches.php?mode=show&unit=G3&ID=7762,7762,GermTicVI#,Me,5.0,True,False,2014-03-23,Kurt,1507
patches.php?mode=show&unit=G3&ID=7763,7763,MrGreeny#,PeterGreen/Greeny,5.0,True,False,2014-03-23,Kurt,1156
patches.php?mode=show&unit=G3&ID=7764,7764,PG-IfYouBe,PeterGreen-FleetwoodMac/IfYouBeMyBaby,,True,False,2014-03-23,Kurt,1058
patches.php?mode=show&unit=G3&ID=7765,7765,MrGreen4#,PeterGreen-FleetwoodMac/Bluesjam in Chicago 1969,2.0,False,False,2014-03-23,Kurt,884
patches.php?mode=show&unit=G3&ID=7769,7769,Three's Company,Tommy Tedesco,4.0,True,False,2014-03-23,Jusme,935
patches.php?mode=show&unit=G3&ID=7752,7752,Hysteria (Lead),Def Leppard,4.2,True,False,2014-03-21,Biz,3161
patches.php?mode=show&unit=G3&ID=7753,7753,X - World Anthem,X-Japan,2.0,False,True,2014-03-21,syakugannoikamu...,1444
patches.php?mode=show&unit=G3&ID=7747,7747,Djenty,periphery,3.3,False,False,2014-03-17,Yuto,1250
patches.php?mode=show&unit=G3&ID=7702,7702,Run Like Hell,Pink Floyd / David Gilmour,3.8,True,False,2014-03-11,Jusme,1887
patches.php?mode=show&unit=G3&ID=7699,7699,For Solo,Me,5.0,False,False,2014-03-10,Arefeen Shourav,2222
patches.php?mode=show&unit=G3&ID=7700,7700,Sitarish,Maybe Ravi Shankar,3.3,True,False,2014-03-10,Jusme,1272
patches.php?mode=show&unit=G3&ID=7701,7701,Bagpipes,Bon Scott?,3.7,True,False,2014-03-10,Jusme,1473
patches.php?mode=show&unit=G3&ID=7698,7698,Wah Always On,No one in particular,3.0,True,False,2014-03-09,Jusme,1214
patches.php?mode=show&unit=G3&ID=7695,7695,HELLOWEEN - I'm alive,HELLOWEEN,3.0,True,True,2014-03-08,syakugannoikamu...,1535
patches.php?mode=show&unit=G3&ID=7693,7693,Edge of Seventeen,Stevie Nicks / Waddy Wachtel (guitarist),4.0,True,False,2014-03-06,Jusme,1055
patches.php?mode=show&unit=G3&ID=7694,7694,Brighton Rock,Queen / Brian May,3.5,True,False,2014-03-06,Jusme,1749
patches.php?mode=show&unit=G3&ID=7680,7680,Ballerina 12/24,Steve Vai,3.7,True,False,2014-02-27,Jusme,2459
patches.php?mode=show&unit=G3&ID=7672,7672,335Crunsh1,Me,4.5,True,False,2014-02-26,Kurt,1620
patches.php?mode=show&unit=G3&ID=7673,7673,60sJazzRec,Me,4.2,True,False,2014-02-26,Kurt,2918
patches.php?mode=show&unit=G3&ID=7674,7674,MrGreen2#,FleetwoodMac/BluesJamInChicago1969,2.0,True,False,2014-02-26,Kurt,1614
patches.php?mode=show&unit=G3&ID=7675,7675,ShafferSet,Janne Shaffer,,True,False,2014-02-26,Kurt,853
patches.php?mode=show&unit=G3&ID=7662,7662,BasicTwin#,Me,4.0,True,False,2014-02-22,Kurt,3747
patches.php?mode=show&unit=G3&ID=7663,7663,Surf60´s2#,Me,3.8,True,False,2014-02-22,Kurt,1807
patches.php?mode=show&unit=G3&ID=7664,7664,MarvinSTR,Me,3.5,True,False,2014-02-22,Kurt,1367
patches.php?mode=show&unit=G3&ID=7665,7665,SerenadeSM,SteveMillerBand/FlyLIkeAnEagle,3.0,True,False,2014-02-22,Kurt,1267
patches.php?mode=show&unit=G3&ID=7647,7647,You Oughta Know,Alanis Morissette,4.0,False,True,2014-02-19,marcocdxx,1198
patches.php?mode=show&unit=G3&ID=7642,7642,DP - Highway star,Deep Purple - Ritchie Blackmore,4.3,True,False,2014-02-19,syakugannoikamu...,3644
patches.php?mode=show&unit=G3&ID=7645,7645,Cochise,Audioslave,2.0,False,False,2014-02-19,marcocdxx,1276
patches.php?mode=show&unit=G3&ID=7646,7646,Summer of 69,Bryan Adams,4.0,False,False,2014-02-19,marcocdxx,2183
patches.php?mode=show&unit=G3&ID=7638,7638,Ironic,Alanis Morrisette,1.0,False,False,2014-02-18,marcocdxx,897
patches.php?mode=show&unit=G3&ID=7628,7628,Glam Noise Gate,me,5.0,False,False,2014-02-15,Hutch,1012
patches.php?mode=show&unit=G3&ID=7629,7629,Anything,Dramarama,3.0,False,False,2014-02-15,Hutch,797
patches.php?mode=show&unit=G3&ID=7598,7598,Surf60´s,Me,2.0,True,False,2014-02-06,Kurt,1328
patches.php?mode=show&unit=G3&ID=7599,7599,BeachBBVI#,BeachBoys,1.0,True,False,2014-02-06,Kurt,1115
patches.php?mode=show&unit=G3&ID=7600,7600,TIcTacBVI1,Me,3.0,True,False,2014-02-06,Kurt,834
patches.php?mode=show&unit=G3&ID=7601,7601,JeTaimeVI#,JaneBirkin/SergeGainsbourg,4.3,True,False,2014-02-06,Kurt,1196
patches.php?mode=show&unit=G3&ID=7602,7602,SpagBVI1#,Me,,False,False,2014-02-06,Kurt,655
patches.php?mode=show&unit=G3&ID=7603,7603,SpagBVI2#,Me,,False,False,2014-02-06,Kurt,903
patches.php?mode=show&unit=G3&ID=7604,7604,DuanJetVI#,Me,2.0,True,False,2014-02-06,Kurt,957
patches.php?mode=show&unit=G3&ID=7585,7585,SwMusicDe - Metal,Me - SWMusicDe,3.7,False,True,2014-01-31,SteffenRTS,1470
patches.php?mode=show&unit=G3&ID=7583,7583,Maybe a great high Gain Lead Tone LOL,Hi Gain Shredder,1.0,False,False,2014-01-30,Trash Metal,1248
patches.php?mode=show&unit=G3&ID=7577,7577,All Around Metal Tone,A Day To Remember,4.0,True,False,2014-01-29,guitarman,3020
patches.php?mode=show&unit=G3&ID=7567,7567,DRIVE - for rock backing - Super Stream,Me - Infinite Storatos,3.5,False,True,2014-01-26,syakugannoikamu...,1182
patches.php?mode=show&unit=G3&ID=7568,7568,CRUNCH - for rock backing - Super Stream,Me - Infinite Storatos,2.7,False,True,2014-01-26,syakugannoikamu...,1047
patches.php?mode=show&unit=G3&ID=7561,7561,Mouth For War,PANTERA,2.8,True,False,2014-01-24,Takosaladjo,2300
patches.php?mode=show&unit=G3&ID=7558,7558,Dire Straits - Sultans of Swing,Mark Knopfler,3.7,True,False,2014-01-23,David,3480
patches.php?mode=show&unit=G3&ID=7559,7559,Corrected sound file for below - Dire Straits,Mark  Knopfler,3.8,True,False,2014-01-23,David,2673
patches.php?mode=show&unit=G3&ID=7555,7555,BostonLD  - Star Spangled Banner - Lead,Boston - Tom Schultz,3.3,False,True,2014-01-22,syakugannoikamu...,1652
patches.php?mode=show&unit=G3&ID=7547,7547,Joe Satriani  - Premonition,Joe Satriani,4.0,True,False,2014-01-17,David,2622
patches.php?mode=show&unit=G3&ID=7544,7544,ACO SIM,Journey - Neal Schon,3.3,False,True,2014-01-16,syakugannoikamu...,1662
patches.php?mode=show&unit=G3&ID=7545,7545,SCHON,Journey - Neal Schon,5.0,False,True,2014-01-16,syakugannoikamu...,1220
patches.php?mode=show&unit=G3&ID=7542,7542,Hellyeah,HELLYEAH,,True,False,2014-01-15,vxsyn,903
patches.php?mode=show&unit=G3&ID=7540,7540,SYKES,John Sykes - Whitesnake,3.3,True,False,2014-01-14,syakugannoikamu...,1597
patches.php?mode=show&unit=G3&ID=7536,7536,RR,Randy Rhoads - Ozzy Osbourne,4.0,True,False,2014-01-13,syakugannoikamu...,3017
patches.php?mode=show&unit=G3&ID=7532,7532,5150,Van Halen,4.2,True,False,2014-01-11,syakugannoikamu...,3734
patches.php?mode=show&unit=G3&ID=7533,7533,BostonCL,Boston - Tom Schultz - More than feeling - intro clean,4.0,True,False,2014-01-11,syakugannoikamu...,2081
patches.php?mode=show&unit=G3&ID=7530,7530,Critical Acclaim,Avenged Sevenfold,4.5,True,False,2014-01-10,vxsyn,2464
patches.php?mode=show&unit=G3&ID=7531,7531,80JUDAS,JUDAS PRIEST,3.5,True,False,2014-01-10,syakugannoikamu...,2011
patches.php?mode=show&unit=G3&ID=7527,7527,Coming Undone,KoRn,3.0,True,False,2014-01-09,vxsyn,1928
patches.php?mode=show&unit=G3&ID=7523,7523,BAD,U2,4.0,False,False,2014-01-06,Bergison,1095
patches.php?mode=show&unit=G3&ID=7516,7516,away2long,Soundgarden,5.0,False,True,2014-01-04,Vic,1364
patches.php?mode=show&unit=G3&ID=7515,7515,Guns AFD,Guns,3.3,True,False,2014-01-03,teuteu,2102
patches.php?mode=show&unit=G3&ID=7495,7495,Money for Nothing,Dire Straits,5.0,False,False,2013-12-28,Cooltide,2996
patches.php?mode=show&unit=G3&ID=7478,7478,Tool,Tool - Adam Jones,4.2,True,False,2013-12-14,NateDZ,2622
patches.php?mode=show&unit=G3&ID=7465,7465,Sultans of Swing,Dire Straits,3.0,False,False,2013-12-09,FenderIceman,2595
patches.php?mode=show&unit=G3&ID=7463,7463,Shine On You Crazy Diamond,David Gilmour,4.2,False,False,2013-12-08,Vishwendra sing...,3206
patches.php?mode=show&unit=G3&ID=7464,7464,Time,David Gilmour,3.8,True,False,2013-12-08,Vishwendra sing...,2843
patches.php?mode=show&unit=G3&ID=7461,7461,Wake Me Up Synth,Avicii,3.3,True,False,2013-12-06,Arjun,1570
patches.php?mode=show&unit=G3&ID=7445,7445,CMNA - BOSS Distorsión,CMNA,,False,False,2013-11-28,CMNA,947
patches.php?mode=show&unit=G3&ID=7397,7397,Talk Box  -  Do you feel like we do   ; for G3x,Peter Frampton,3.8,True,False,2013-11-21,David,2020
patches.php?mode=show&unit=G3&ID=7391,7391,Metal Distortion V2 with Reverb,CMNA,5.0,False,False,2013-11-18,christian_amaya,1177
patches.php?mode=show&unit=G3&ID=7386,7386,Stairway to Heaven solo,Led Zeppelin,4.5,True,False,2013-11-17,Guitar_per_semp...,7063
patches.php?mode=show&unit=G3&ID=7388,7388,Metal Distortion whit Solo and Wah,CMNA,2.0,False,False,2013-11-17,Christian_Amaya,1272
patches.php?mode=show&unit=G3&ID=7343,7343,Dirty Slash,Slash,3.0,True,False,2013-10-28,Gui___Smo,2490
patches.php?mode=show&unit=G3&ID=7341,7341,Hendrix_SRV,Hendrix_SRV,4.5,True,False,2013-10-27,Peoples2,4547
patches.php?mode=show&unit=G3&ID=7322,7322,Where Streets Have No Name,U2,4.5,False,False,2013-10-20,Bergison,1953
patches.php?mode=show&unit=G3&ID=7316,7316,Only Distos,DR,1.0,False,False,2013-10-17,Ric,789
patches.php?mode=show&unit=G3&ID=7312,7312,Morricone,Ennio Morricone,4.0,False,False,2013-10-15,Ric,1454
patches.php?mode=show&unit=G3&ID=7313,7313,Patches G5 Bank1,me,1.0,False,False,2013-10-15,Ric,1245
patches.php?mode=show&unit=G3&ID=7314,7314,Patches G5 Bank2,me,5.0,False,False,2013-10-15,Ric,1172
patches.php?mode=show&unit=G3&ID=7315,7315,Patches G5 Bank3,me,1.0,False,False,2013-10-15,Ric,1085
patches.php?mode=show&unit=G3&ID=7310,7310,Mad Sounds,Arctic Monkeys,4.0,False,False,2013-10-14,mynamesucks_,910
patches.php?mode=show&unit=G3&ID=7296,7296,Jeff Buckley Hallelujah,Jeff Buckley,1.0,False,False,2013-10-12,LeaderSheep,1342
patches.php?mode=show&unit=G3&ID=7286,7286,FingerBass,DR,1.5,False,False,2013-10-10,Ric,1263
patches.php?mode=show&unit=G3&ID=7287,7287,PhaserLead,DR,1.0,False,False,2013-10-10,Ric,1026
patches.php?mode=show&unit=G3&ID=7288,7288,WahLeadDRV,DR,2.0,False,False,2013-10-10,Ric,918
patches.php?mode=show&unit=G3&ID=7283,7283,SpecialDR9,DR,5.0,False,False,2013-10-07,Ric,892
patches.php?mode=show&unit=G3&ID=7279,7279,Haruka kanata,Asian Kung-fu generation,2.0,False,False,2013-10-05,Kiluange,1056
patches.php?mode=show&unit=G3&ID=7281,7281,SpecialDR8,DR,1.0,False,False,2013-10-05,Ric,816
patches.php?mode=show&unit=G3&ID=7271,7271,SpecialDR1,DR,1.0,False,False,2013-10-04,Ric,812
patches.php?mode=show&unit=G3&ID=7272,7272,SpecialDR2,DR,1.0,False,False,2013-10-04,Ric,736
patches.php?mode=show&unit=G3&ID=7273,7273,SpecialDR3,DR,1.0,False,False,2013-10-04,Ric,625
patches.php?mode=show&unit=G3&ID=7274,7274,SpecialDR4,DR,1.0,False,False,2013-10-04,Ric,739
patches.php?mode=show&unit=G3&ID=7275,7275,SpecialDR5,DR,4.0,False,False,2013-10-04,Ric,733
patches.php?mode=show&unit=G3&ID=7276,7276,SpecialDR6,DR,1.0,False,False,2013-10-04,Ric,639
patches.php?mode=show&unit=G3&ID=7277,7277,SpecialDR7,DR,1.0,False,False,2013-10-04,Ric,817
patches.php?mode=show&unit=G3&ID=7264,7264,Supersonic,Oasis,1.0,True,False,2013-09-27,anonymous,1455
patches.php?mode=show&unit=G3&ID=7265,7265,Cigarettes & Alcohol,Oasis,4.3,True,False,2013-09-27,someone,1873
patches.php?mode=show&unit=G3&ID=7266,7266,Little Wing,Jimi Hendrix,4.5,True,False,2013-09-27,somewone,5393
patches.php?mode=show&unit=G3&ID=7257,7257,Sludge,Sludge,3.5,False,False,2013-09-22,Dave776,879
patches.php?mode=show&unit=G3&ID=7254,7254,comfortablynumb,Pink Floyd,4.0,False,False,2013-09-21,alruiz,2045
patches.php?mode=show&unit=G3&ID=7241,7241,Djenty,Periphery,5.0,False,False,2013-09-11,Sean,1156
patches.php?mode=show&unit=G3&ID=7233,7233,Master of Puppets rythm tone v 1.1,Metallica,2.8,True,False,2013-09-07,AquapunK,4937
patches.php?mode=show&unit=G3&ID=7231,7231,RussianShredMashine,Ivan Lipsky,3.8,False,False,2013-09-05,Ivan Lipsky,6547
patches.php?mode=show&unit=G3&ID=7226,7226,"Metal Rhythm (yeah, again)",Me(and me),4.4,False,True,2013-09-03,Berk A.,3339
patches.php?mode=show&unit=G3&ID=7227,7227,Hotel California - SOLO,The Eagles,1.0,False,False,2013-09-03,Bergison,2874
patches.php?mode=show&unit=G3&ID=7216,7216,Dookie,Green Day,3.0,True,False,2013-08-29,Miky GD,3102
patches.php?mode=show&unit=G3&ID=7217,7217,Clean,Nirvana,1.0,False,False,2013-08-29,Firu_uK,1784
patches.php?mode=show&unit=G3&ID=7218,7218,Night Of The Slunk,Buckethead,3.0,False,False,2013-08-29,Firu_uK,955
patches.php?mode=show&unit=G3&ID=7220,7220,acustica,joe,1.0,False,False,2013-08-29,joe,1471
patches.php?mode=show&unit=G3&ID=7210,7210,KOLOSS 1.0,MeshuggaH,3.7,True,True,2013-08-28,Guti050,1540
patches.php?mode=show&unit=G3&ID=7208,7208,Lead Reup,Def Leppard,4.3,True,False,2013-08-27,Biz,5421
patches.php?mode=show&unit=G3&ID=7205,7205,APACHE,Shadows,1.0,False,False,2013-08-26,Rick Diablo,1764
patches.php?mode=show&unit=G3&ID=7206,7206,Anorexorcist,Nirvana,1.0,False,False,2013-08-26,Firu_uK,917
patches.php?mode=show&unit=G3&ID=7199,7199,Hawkwind_Master of the Universe Dist,Hawkwind,5.0,False,False,2013-08-23,Firu_uK,944
patches.php?mode=show&unit=G3&ID=7200,7200,Come as you are,Nirvana,4.5,True,False,2013-08-23,Dave776,6159
patches.php?mode=show&unit=G3&ID=7188,7188,Limpio/Distorsion,Héroes del Silencio,4.4,True,False,2013-08-19,jespierd,2345
patches.php?mode=show&unit=G3&ID=7181,7181,Nice Lead I Think(delay + reverb),....,4.5,True,False,2013-08-18,Berk A.,2215
patches.php?mode=show&unit=G3&ID=7171,7171,GWiz,N/A,1.0,False,False,2013-08-11,Shane,707
patches.php?mode=show&unit=G3&ID=7166,7166,Sweet Child'O Mine Intro,Slash(G'N'R),3.5,False,False,2013-08-09,Agam Johar,2882
patches.php?mode=show&unit=G3&ID=7168,7168,my patch,vinnie moore,5.0,False,True,2013-08-09,Aof,1272
patches.php?mode=show&unit=G3&ID=7163,7163,Pour Some Sugar On Me (Lead),Def Leppard,3.9,True,False,2013-08-06,Biz,1767
patches.php?mode=show&unit=G3&ID=7159,7159,Solid Metal Rhythm Tone (Version 2.56742432312),Aliens,4.8,True,False,2013-08-04,Berk A.,4186
patches.php?mode=show&unit=G3&ID=7145,7145,Enter Sandman Rhythm Type,Metallica,4.2,False,True,2013-07-29,Berk A.,4012
patches.php?mode=show&unit=G3&ID=7144,7144,Cliffs of Dover,Eric Johnson,4.3,False,False,2013-07-28,Bergison,2825
patches.php?mode=show&unit=G3&ID=7126,7126,Still Waiting,Sum 41,4.5,True,False,2013-07-18,Biz,2055
patches.php?mode=show&unit=G3&ID=7124,7124,distorsiondobleoctavado,Cindirela,3.0,False,False,2013-07-17,abel baut,967
patches.php?mode=show&unit=G3&ID=7116,7116,Radar Love,Golden Earrng,5.0,True,False,2013-07-12,Biz,1705
patches.php?mode=show&unit=G3&ID=7117,7117,Bir Derdim Var,Mor ve Ötesi,5.0,False,False,2013-07-12,serkanmk94,770
patches.php?mode=show&unit=G3&ID=7105,7105,No one knows,Queens of the stone age,3.0,True,False,2013-07-09,Dave776,1199
patches.php?mode=show&unit=G3&ID=7098,7098,Regular John,Queens of the stone age,2.0,False,False,2013-07-06,Dave776,801
patches.php?mode=show&unit=G3&ID=7082,7082,All only Amp Models Center Adj *zipped*,Zoom,4.0,False,False,2013-07-02,teleosus,1134
patches.php?mode=show&unit=G3&ID=7083,7083,G3 Version1 Original Factory Patches *zipped*,Zoom,5.0,False,False,2013-07-02,teleosus,2071
patches.php?mode=show&unit=G3&ID=7074,7074,G3X,ZIOOM,3.0,False,False,2013-06-28,Parapet,1168
patches.php?mode=show&unit=G3&ID=7061,7061,bombtrack ratm,rage agains the machine,4.7,False,False,2013-06-25,ColombiaMetal,1705
patches.php?mode=show&unit=G3&ID=7062,7062,bombtrack ratm dist1,rage against the machine,4.7,False,False,2013-06-25,ColombiaMetal,1816
patches.php?mode=show&unit=G3&ID=7050,7050,Punked,tom sawyer,1.0,False,False,2013-06-23,ColombiaMetal,949
patches.php?mode=show&unit=G3&ID=7051,7051,Acdc,Angus Young,2.7,False,False,2013-06-23,agamjohar,2594
patches.php?mode=show&unit=G3&ID=7042,7042,Vivid Cln,Me,3.0,False,False,2013-06-18,Jeff W.,861
patches.php?mode=show&unit=G3&ID=7035,7035,Change tuning in your guitar from E to D standart ,Niezly_Skurwiel,5.0,False,False,2013-06-13,Niezly_Skurwiel,1578
patches.php?mode=show&unit=G3&ID=7029,7029,Esandman intro,Metallica,4.0,False,False,2013-06-10,ColombiaMetal,1715
patches.php?mode=show&unit=G3&ID=7025,7025,Djenty,periphery,2.0,False,False,2013-06-08,djentleman,1223
patches.php?mode=show&unit=G3&ID=7021,7021,Dom's Patch setup,Dogbleep,4.0,False,False,2013-06-07,Dom,774
patches.php?mode=show&unit=G3&ID=7008,7008,Sultans Of Swing live,Dire Straits Mark Knopfler,4.3,False,True,2013-06-02,localhero,3410
patches.php?mode=show&unit=G3&ID=7009,7009,SpaceEcho,N/A,1.0,False,False,2013-06-02,Firu_uK,976
patches.php?mode=show&unit=G3&ID=7007,7007,Ac Dc Sound,Ac Dc,4.0,False,False,2013-06-01,IAmTheOne,2326
patches.php?mode=show&unit=G3&ID=7005,7005,Tunnel of love solo,Dire Straits Mark Knopfler,4.3,False,True,2013-05-31,localhero,2110
patches.php?mode=show&unit=G3&ID=7001,7001,All the small things,Blink-182,4.0,False,False,2013-05-29,ColombiaMetal,1617
patches.php?mode=show&unit=G3&ID=7002,7002,Blink-182,Blink-182,4.3,False,False,2013-05-29,ColombiaMetal,1848
patches.php?mode=show&unit=G3&ID=7000,7000,IOMMI,BLACK SABBATH,4.5,False,False,2013-05-28,ColombiaMetal,1875
patches.php?mode=show&unit=G3&ID=6993,6993,Rumble,Link Wray,3.0,False,False,2013-05-22,Tiago,883
patches.php?mode=show&unit=G3&ID=6988,6988,KNOCKIN' ON HEAVEN'S DOOR,Guns'n'Roses,4.5,False,False,2013-05-21,Tiago,3830
patches.php?mode=show&unit=G3&ID=6987,6987,Better Man,Pearl Jam,3.5,False,False,2013-05-20,Tiago,1195
patches.php?mode=show&unit=G3&ID=6984,6984,Images & Words Rhythm,Dream Theater,4.3,False,True,2013-05-17,ozangenc,3054
patches.php?mode=show&unit=G3&ID=6985,6985,Images & Words Lead,Dream Theater,4.0,False,True,2013-05-17,ozangenc,2953
patches.php?mode=show&unit=G3&ID=6986,6986,Images & Words/Awake Clean,Dream Theater,4.6,False,True,2013-05-17,ozangenc,2645
patches.php?mode=show&unit=G3&ID=6974,6974,Ain't Talkin' 'Bout Love,Van Halen,4.8,False,True,2013-05-12,ozangenc,4352
patches.php?mode=show&unit=G3&ID=6971,6971,Since I've Been Loving You,Led Zeppelin,2.0,False,False,2013-05-11,Bergison,1489
patches.php?mode=show&unit=G3&ID=6972,6972,Since I've Been Loving You-Song Tone,Led Zeppelin,1.0,False,False,2013-05-11,Bergison,1063
patches.php?mode=show&unit=G3&ID=6957,6957,Distosión de Fade To Black,Metallica,3.0,False,False,2013-05-07,Cheko Montesino...,2077
patches.php?mode=show&unit=G3&ID=6958,6958,Limpios de Fade to black,Metallica,3.0,False,False,2013-05-07,Cheko Montesino...,1171
patches.php?mode=show&unit=G3&ID=6959,6959,Estrofas de Like a stone,Audioslave,1.0,False,False,2013-05-07,Cheko Montesino...,1098
patches.php?mode=show&unit=G3&ID=6960,6960,Coros de Like A Stone,Audioslave,2.5,False,False,2013-05-07,Cheko Montesino...,1215
patches.php?mode=show&unit=G3&ID=6961,6961,Killing the Name (Whammy),Rage  Against the Machine,3.3,False,False,2013-05-07,Cheko Montesino...,2416
patches.php?mode=show&unit=G3&ID=6955,6955,Like a Stone Wahmmy,Audioslave,4.0,False,False,2013-05-06,Cheko Montesino...,1984
patches.php?mode=show&unit=G3&ID=6956,6956,Be your self,Audioslave,1.0,False,False,2013-05-06,Cheko Montesino...,1033
patches.php?mode=show&unit=G3&ID=6931,6931,Harmonics in A-moll,Niezly_Skurwiel,1.0,False,False,2013-04-25,Niezly_Skurwiel,1135
patches.php?mode=show&unit=G3&ID=6932,6932,Light overdrive + clean,Niezly_Skurwiel,3.0,False,False,2013-04-25,Niezly_Skurwiel,1525
patches.php?mode=show&unit=G3&ID=6933,6933,Vibe + clean,Niezly_Skurwiel,3.0,False,False,2013-04-25,Niezly_Skurwiel,1227
patches.php?mode=show&unit=G3&ID=6934,6934,Acoustic for verse,Niezly_Skurwiel,4.0,False,False,2013-04-25,Niezly_Skurwiel,1604
patches.php?mode=show&unit=G3&ID=6935,6935,Big Distortion,Niezly_Skurwiel,4.0,False,False,2013-04-25,Niezly_Skurwiel,1146
patches.php?mode=show&unit=G3&ID=6929,6929,Heavy Distorion,me,3.0,False,False,2013-04-24,gasty27,1040
patches.php?mode=show&unit=G3&ID=6930,6930,Heavy Distorion update,gasty27,3.0,False,True,2013-04-24,gasty27,1176
patches.php?mode=show&unit=G3&ID=6903,6903,G3X,Zoom,4.5,False,False,2013-04-23,Par,2619
patches.php?mode=show&unit=G3&ID=6879,6879,hey joe,hendrix,4.8,True,False,2013-04-09,mrk wmson,5651
patches.php?mode=show&unit=G3&ID=6846,6846,Isaias 9,Rodolfo Abrantes,5.0,False,True,2013-03-23,dudusalvi,1004
patches.php?mode=show&unit=G3&ID=6847,6847,G2.1 Default patches para zoom g3x. zip file,Zoom,1.0,False,False,2013-03-23,Bassergio,1558
patches.php?mode=show&unit=G3&ID=6842,6842,UPDATE - Bass guitar for loops 1.1,Bass,4.9,True,False,2013-03-21,Darkharian,3603
patches.php?mode=show&unit=G3&ID=6835,6835,BitDelay v0.1,n/a,3.3,False,False,2013-03-19,nssone,970
patches.php?mode=show&unit=G3&ID=6833,6833,Hotel California solo,eagles,3.5,False,True,2013-03-18,localhero635,5867
patches.php?mode=show&unit=G3&ID=6824,6824,Joe Satriani tone,Joe Satriani,4.0,False,False,2013-03-15,Jethro Viloria,3850
patches.php?mode=show&unit=G3&ID=6825,6825,Shimery piano sound,Jethro Viloria,1.0,False,False,2013-03-15,Jethro Viloria,1579
patches.php?mode=show&unit=G3&ID=6826,6826,When love and hate collide,Def Leppard,5.0,False,False,2013-03-15,Jethro Viloria,975
patches.php?mode=show&unit=G3&ID=6827,6827,La luna,Pedro's Mind,1.5,False,True,2013-03-15,Jethro Viloria,777
patches.php?mode=show&unit=G3&ID=6819,6819,Du Hast,Rammstein,2.5,False,False,2013-03-13,Divaxz,1880
patches.php?mode=show&unit=G3&ID=6806,6806,Bass guitar for Loops,Bass,5.0,True,False,2013-03-03,Darkharian,2211
patches.php?mode=show&unit=G3&ID=6787,6787,Solo de like a stone,Audioslave,1.0,False,False,2013-02-23,Cheko montesino...,1545
patches.php?mode=show&unit=G3&ID=6788,6788,Acustic ( nothing else matters ),Metallica,4.0,False,False,2013-02-23,Cheko montesino...,4988
patches.php?mode=show&unit=G3&ID=6776,6776,SV & KL g2.1nu para G3 ( zip file ),SV & KL,2.5,False,False,2013-02-21,Bassergio,1001
patches.php?mode=show&unit=G3&ID=6764,6764,John Petrucci Clean,John Petrucci,4.6,False,False,2013-02-19,Andre-RJ,2820
patches.php?mode=show&unit=G3&ID=6765,6765,John Petrucci Clean Flanger,John Petrucci Clean Flanger,4.5,False,False,2013-02-19,Andre-RJ,2254
patches.php?mode=show&unit=G3&ID=6766,6766,John Petrucci Acoustic Piezo,John Petrucci,4.2,False,False,2013-02-19,Andre-RJ,2435
patches.php?mode=show&unit=G3&ID=6767,6767,John Petrucci Mesa Boogie Lead,John Petrucci,4.0,False,False,2013-02-19,Andre-RJ,4101
patches.php?mode=show&unit=G3&ID=6763,6763,Shred High Gain 3,Steve Vai,2.0,False,False,2013-02-18,Tom,1682
patches.php?mode=show&unit=G3&ID=6752,6752,House Of The Rising Sun,Amimals,2.5,False,False,2013-02-17,Gerard,1631
patches.php?mode=show&unit=G3&ID=6745,6745,Shred High Gain 2,Steve Vai,2.0,False,False,2013-02-15,Tom,1458
patches.php?mode=show&unit=G3&ID=6743,6743,My own patch,Myself,1.0,False,False,2013-02-14,Myself,845
patches.php?mode=show&unit=G3&ID=6744,6744,Children Of Bodom,Children Of Bodom,3.3,False,False,2013-02-14,Dazter1000,1698
patches.php?mode=show&unit=G3&ID=6740,6740,"Always with you, always with me",joe satriani,4.0,False,False,2013-02-13,Jethro viloria,2972
patches.php?mode=show&unit=G3&ID=6742,6742,Shred High Gain,Steve Vai,2.5,False,False,2013-02-13,Tom,1591
patches.php?mode=show&unit=G3&ID=6738,6738,Nothing Else Matters,Metallica,4.2,True,False,2013-02-09,Exon17,3308
patches.php?mode=show&unit=G3&ID=6734,6734,Slash-Sweet Child O' Mine,Slash,4.0,False,False,2013-02-07,Slash?,4111
patches.php?mode=show&unit=G3&ID=6730,6730,Metalcore,Bullet For My Valentine,4.0,False,False,2013-02-05,Dazter1000,2124
patches.php?mode=show&unit=G3&ID=6718,6718,Comfortably Numb,Pink Floyd,4.0,True,False,2013-02-03,Thunfischdose,5906
patches.php?mode=show&unit=G3&ID=6719,6719,Shine on you crazy diamond,Pink Floyd,4.2,True,False,2013-02-03,Thunfischdose,6607
patches.php?mode=show&unit=G3&ID=6717,6717,Mad Metal,Darkharian,4.0,True,False,2013-02-01,Darkharian,1469
patches.php?mode=show&unit=G3&ID=6710,6710,for the love of god,Steve vai,3.3,True,False,2013-01-28,g3X,5070
patches.php?mode=show&unit=G3&ID=6702,6702,Wherever I may roam,MeTaLLicA,5.0,False,False,2013-01-24,Ubr7,2077
patches.php?mode=show&unit=G3&ID=6696,6696,boulevard of broken dream,green day,3.5,False,False,2013-01-23,adi_mulya,1726
patches.php?mode=show&unit=G3&ID=6694,6694,Shine on you -  Synth sound,Pink Floyd,4.0,False,True,2013-01-22,daymmon,2429
patches.php?mode=show&unit=G3&ID=6685,6685,Smoke on the water,Deep purple,5.0,False,False,2013-01-16,IAmTheOne,3530
patches.php?mode=show&unit=G3&ID=6679,6679,La Grange 1st Solo Updated,ZZ Top,3.0,False,True,2013-01-14,theFendersfine,1799
patches.php?mode=show&unit=G3&ID=6680,6680,La Grange 2nd Solo,ZZ Top,1.0,False,True,2013-01-14,TheFendersfine,1360
patches.php?mode=show&unit=G3&ID=6634,6634,Sanitarium - Clean,Limp Bizkit,3.0,False,False,2013-01-04,Ubr7,1422
patches.php?mode=show&unit=G3&ID=6610,6610,BOOWY,TOMOYASU_HOTEI,4.0,False,False,2012-12-28,Tomoharu,1490
patches.php?mode=show&unit=G3&ID=6591,6591,Gasoline,Audioslave,4.0,False,False,2012-12-26,Ben Neb Neb,1384
patches.php?mode=show&unit=G3&ID=6592,6592,The Soundtrack From The Film The Song Remains The ,Led Zeppelin,4.0,False,False,2012-12-26,Page 1,1408
patches.php?mode=show&unit=G3&ID=6584,6584,Can't Buy Me Love,The Beatles,4.0,False,False,2012-12-24,George,1454
patches.php?mode=show&unit=G3&ID=6585,6585,CASE OF BOOWY CLEAN,BOOWY,1.0,False,False,2012-12-24,Hotei,1500
patches.php?mode=show&unit=G3&ID=6586,6586,CASE OF BOOWY OD,BOOWY,2.0,False,False,2012-12-24,Hotei,1309
patches.php?mode=show&unit=G3&ID=6587,6587,CASE OF BOOWY DS,BOOWY,5.0,False,False,2012-12-24,Hotei,1331
patches.php?mode=show&unit=G3&ID=6588,6588,CASE OF BOOWY ER,BOOWY,5.0,False,False,2012-12-24,Hotei,1129
patches.php?mode=show&unit=G3&ID=6578,6578,I Want To Hold Your Hand,The Beatles,4.0,False,False,2012-12-23,George,1465
patches.php?mode=show&unit=G3&ID=6579,6579,I've Got A Feeling,The Beatles,1.0,False,False,2012-12-23,George,1092
patches.php?mode=show&unit=G3&ID=6581,6581,I've Got A Feeling,The Beatles,1.0,False,False,2012-12-23,John,820
patches.php?mode=show&unit=G3&ID=6582,6582,Birthday,The Beatles,4.5,False,False,2012-12-23,George,1152
patches.php?mode=show&unit=G3&ID=6575,6575,Whales in the ocean,daymmon,3.0,False,True,2012-12-22,daymmon,1006
patches.php?mode=show&unit=G3&ID=6576,6576,The Big Blue,daymmon,5.0,False,True,2012-12-22,daymmon,989
patches.php?mode=show&unit=G3&ID=6577,6577,Organ in the ocean,daymmon,3.0,False,True,2012-12-22,daymmon,1095
patches.php?mode=show&unit=G3&ID=6573,6573,King For A Day,Faith No More,5.0,False,False,2012-12-21,Ben Neb Neb,1321
patches.php?mode=show&unit=G3&ID=6555,6555,God save the qeen,Sex Pistols,3.5,False,False,2012-12-09,IAmTheOne,1825
patches.php?mode=show&unit=G3&ID=6556,6556,Всё идет,Гражданская обо&,5.0,False,False,2012-12-09,IAmTheOne,1032
patches.php?mode=show&unit=G3&ID=6557,6557,Звезда п,Кино,5.0,False,False,2012-12-09,IAmTheOne,907
patches.php?mode=show&unit=G3&ID=6558,6558,Iron Man,Black Sabbath,4.5,False,False,2012-12-09,IAmTheOne,2896
patches.php?mode=show&unit=G3&ID=6497,6497,LEO BRAVO - MEU TIMBRE VOX CRUNCH ZOOM G3,LEO BRAVO,3.0,False,False,2012-11-21,LEO BRAVO,1069
patches.php?mode=show&unit=G3&ID=6498,6498,LEO BRAVO -  TIMBRE VOX SOLO ZOOM G3,LEO BRAVO,4.5,False,False,2012-11-21,LEO BRAVO,1056
patches.php?mode=show&unit=G3&ID=6499,6499,LEO BRAVO - MEU TIMBRE FENDER CRUNCH G3,LEO BRAVO,3.0,False,False,2012-11-21,LEO BRAVO,989
patches.php?mode=show&unit=G3&ID=6500,6500,MEU TIMBRE fender solo ZOOM G3,LEO BRAVO,5.0,False,False,2012-11-21,LEO BRAVO,1108
patches.php?mode=show&unit=G3&ID=6501,6501,LEO BRAVO - MEU TIMBRE MARSHALL 1959 BASE G3,LEO BRAVO,5.0,False,False,2012-11-21,LEO BRAVO,1483
patches.php?mode=show&unit=G3&ID=6490,6490,Us & Them,Pink Floyd,1.0,False,True,2012-11-20,daymmon,1697
patches.php?mode=show&unit=G3&ID=6491,6491,Breathe,Pink Floyd,4.0,False,True,2012-11-20,daymmon,2260
patches.php?mode=show&unit=G3&ID=6492,6492,Time (solo),Pink Floyd,4.5,False,True,2012-11-20,daymmon,2348
patches.php?mode=show&unit=G3&ID=6493,6493,Sweet Disposition,The Temper Trap,2.0,False,True,2012-11-20,daymmon,1041
patches.php?mode=show&unit=G3&ID=6459,6459,Recording Tone,Me,5.0,False,True,2012-11-09,DeathandHealing,1149
patches.php?mode=show&unit=G3&ID=6460,6460,EVH.Old,Van Halen,3.0,False,False,2012-11-09,Tomoharu,1600
patches.php?mode=show&unit=G3&ID=6461,6461,EVH1984,Van Halen,4.0,False,False,2012-11-09,Tomoharu,1852
patches.php?mode=show&unit=G3&ID=6462,6462,Nuno,Nuno,2.5,False,False,2012-11-09,Tomoharu,1431
patches.php?mode=show&unit=G3&ID=6458,6458,Brown sugar - start me up,The Rolling Stone,4.0,False,True,2012-11-08,daymmon,3765
patches.php?mode=show&unit=G3&ID=6451,6451,Hossana,Hillsong,3.4,False,False,2012-11-06,Juan Pereira,2240
patches.php?mode=show&unit=G3&ID=6452,6452,Overdrive,Me,3.7,False,False,2012-11-06,Juan Pereira,1651
patches.php?mode=show&unit=G3&ID=6453,6453,My Mistakes Were Made For You,The Last Shadow Puppets,3.8,False,True,2012-11-06,Juan Pereira,1441
patches.php?mode=show&unit=G3&ID=6454,6454,Zona de Promesas,Soda Stereo - Gustavo Cerati,5.0,False,True,2012-11-06,Juan Pereira,1100
patches.php?mode=show&unit=G3&ID=6455,6455,Funk,Me,1.0,False,False,2012-11-06,Juan Pereira,1536
patches.php?mode=show&unit=G3&ID=6440,6440,David Gilmour,David Gilmour,3.7,False,False,2012-11-02,db,3323
patches.php?mode=show&unit=G3&ID=6413,6413,Jamie All Over,Mayday Parade,1.0,False,False,2012-10-22,nrebua,878
patches.php?mode=show&unit=G3&ID=6389,6389,vlad the impaler,kasabian,1.0,False,False,2012-10-16,mynamesucks_,836
patches.php?mode=show&unit=G3&ID=6380,6380,Surf style,--,4.0,False,True,2012-10-13,daymmon,1444
patches.php?mode=show&unit=G3&ID=6381,6381,My favorite tone so far.,Me,1.0,False,True,2012-10-13,DeathandHealing,1292
patches.php?mode=show&unit=G3&ID=6361,6361,"style Jimi, clean vibe fuzz",Jimi Hendrix,3.8,False,True,2012-10-04,daymmon,3373
patches.php?mode=show&unit=G3&ID=6352,6352,Every Breath You Take,Police,4.3,False,False,2012-09-30,ivaneffect,5359
patches.php?mode=show&unit=G3&ID=6350,6350,Apache / FBI,The Shadows,3.0,False,False,2012-09-29,xilex81,2172
patches.php?mode=show&unit=G3&ID=6344,6344,Sweet Child O' Mine (by TuLiO),Guns N' Roses,4.6,True,False,2012-09-28,TuLiO,8780
patches.php?mode=show&unit=G3&ID=6345,6345,The Trooper,Iron Maiden,3.8,True,False,2012-09-28,Biz,7304
patches.php?mode=show&unit=G3&ID=6341,6341,Pop-punk Punk-Rock,The Ambassadors,4.5,False,False,2012-09-25,siopao,1555
patches.php?mode=show&unit=G3&ID=6342,6342,Acoustic,Secondhand Serenade,3.0,False,False,2012-09-25,siopao,2322
patches.php?mode=show&unit=G3&ID=6291,6291,Echoes- guitar solo,Pink Floyd,4.0,False,False,2012-09-13,daymmon,2262
patches.php?mode=show&unit=G3&ID=6292,6292,Samba Pa Ti,Santana,2.7,False,False,2012-09-13,daymmon,2997
patches.php?mode=show&unit=G3&ID=6293,6293,Europa,Santana,1.0,False,False,2012-09-13,daymmon,3597
patches.php?mode=show&unit=G3&ID=6287,6287,Shine on you crazy - part 1,Pink Floyd,3.0,False,False,2012-09-12,daymmon,2150
patches.php?mode=show&unit=G3&ID=6288,6288,Shine on you crazy - part 2,Pink Floyd,4.5,False,False,2012-09-12,daymmon,1770
patches.php?mode=show&unit=G3&ID=6289,6289,Another Brick in the wall - part 2,Pink Floyd,3.5,False,False,2012-09-12,daymmon,4558
patches.php?mode=show&unit=G3&ID=6275,6275,Where the streets have no nam,U2,3.3,False,False,2012-09-10,daymmon,2377
patches.php?mode=show&unit=G3&ID=6276,6276,Still havent found,U2,4.0,False,False,2012-09-10,daymmon,2428
patches.php?mode=show&unit=G3&ID=6277,6277,Pride,U2,3.0,False,False,2012-09-10,daymmon,2158
patches.php?mode=show&unit=G3&ID=6278,6278,With or without,U2,3.0,False,False,2012-09-10,daymmon,3216
patches.php?mode=show&unit=G3&ID=6279,6279,In god s countr,U2,3.5,False,False,2012-09-10,daymmon,1289
patches.php?mode=show&unit=G3&ID=6280,6280,Bad,U2,4.0,False,False,2012-09-10,daymmon,1526
patches.php?mode=show&unit=G3&ID=6281,6281,Mysterious way,U2,3.3,False,False,2012-09-10,daymmon,2261
patches.php?mode=show&unit=G3&ID=6261,6261,Rock General,Rock General,5.0,False,False,2012-09-03,AlexRothwell,1661
patches.php?mode=show&unit=G3&ID=6262,6262,Clean/Acoustic,Clean/Acoustic,4.3,False,False,2012-09-03,AlexRothwell,4521
patches.php?mode=show&unit=G3&ID=6259,6259,Randy Rhoads tone,Randy Rhoads,1.0,False,False,2012-08-31,Cotoletta,1911
patches.php?mode=show&unit=G3&ID=6230,6230,hillsong overdrive,Hillsong,3.5,False,False,2012-08-22,nrebua,2535
patches.php?mode=show&unit=G3&ID=6232,6232,hossanna,Hillsong,4.0,False,False,2012-08-22,nrebua,1398
patches.php?mode=show&unit=G3&ID=6233,6233,shimmer volume swell,n/a,1.0,False,False,2012-08-22,nrebua,1421
patches.php?mode=show&unit=G3&ID=6234,6234,pop-punk,paramore/all time low,2.0,False,False,2012-08-22,nrebua,1514
patches.php?mode=show&unit=G3&ID=6209,6209,Petrucci Rhythm Tone,John Petrucci / Dream Theater,4.5,False,False,2012-08-13,ozangenc,4451
patches.php?mode=show&unit=G3&ID=6210,6210,Petrucci Clean Tone,John Petrucci / Dream Theater,4.0,False,False,2012-08-13,ozangenc,2827
patches.php?mode=show&unit=G3&ID=6177,6177,Smells Like Teen Spirit,Nirvana,3.8,False,False,2012-08-07,ozangenc,5443
patches.php?mode=show&unit=G3&ID=6176,6176,Recharge (G3v2 patch),Henky Backer,4.3,True,False,2012-08-06,Henky Backer,3091
patches.php?mode=show&unit=G3&ID=6170,6170,Ola Englund Metal Tone,Ola Englund,4.5,False,False,2012-08-03,kusabi,1525
patches.php?mode=show&unit=G3&ID=6168,6168,EYE OF TIGER,SURVIVOR,3.5,False,False,2012-08-01,cperugac,2285
patches.php?mode=show&unit=G3&ID=6150,6150,Sweet Child o Mine,guns n roses,3.0,False,False,2012-07-29,Uemura,2736
patches.php?mode=show&unit=G3&ID=6075,6075,Slow Shimmer,Various,4.0,False,False,2012-07-13,Bret,2374
patches.php?mode=show&unit=G3&ID=6076,6076,Lead Shimmer,Various,1.0,False,False,2012-07-13,Bret,1440
patches.php?mode=show&unit=G3&ID=6070,6070,Holdsworth clean,Allan Holdsworth,1.0,False,False,2012-07-10,Chan,1594
patches.php?mode=show&unit=G3&ID=6071,6071,Holdsworth Lead 1,Allan Holdsworth,5.0,False,False,2012-07-10,Chan,1929
patches.php?mode=show&unit=G3&ID=6072,6072,Holdsworth Lead 2,Allan Holdsworth,4.0,False,False,2012-07-10,Chan,1678
patches.php?mode=show&unit=G3&ID=6026,6026,Persiana Americana,Soda Stereo,3.0,False,False,2012-06-30,cperugac,1204
patches.php?mode=show&unit=G3&ID=5991,5991,dimebag tone,pantera,3.8,False,False,2012-06-27,massimo,2495
patches.php?mode=show&unit=G3&ID=5938,5938,like smells,Nirvana,5.0,False,False,2012-06-15,Jose Molina,1777
patches.php?mode=show&unit=G3&ID=5939,5939,cowboys fh,Pantera,4.0,False,False,2012-06-15,Jose Molina,2418
patches.php?mode=show&unit=G3&ID=5940,5940,Masterme,Metallica,3.0,False,False,2012-06-15,Jose Molina,1569
patches.php?mode=show&unit=G3&ID=5892,5892,Low Man's Lyric,Metallica,2.0,False,False,2012-06-03,ozangenc,1046
patches.php?mode=show&unit=G3&ID=5893,5893,Fuel,Metallica,3.0,False,False,2012-06-03,ozangenc,1755
patches.php?mode=show&unit=G3&ID=5891,5891,ZKUN Drive,zkun,1.0,False,False,2012-06-02,zkun,983
patches.php?mode=show&unit=G3&ID=5875,5875,Run Like Hell,Pink Floyd,1.0,False,False,2012-05-27,xilex81,1830
patches.php?mode=show&unit=G3&ID=5877,5877,Gary Moore Tone,Gary Moore,3.0,False,False,2012-05-27,AlexRothwell,4647
patches.php?mode=show&unit=G3&ID=5878,5878,Death and Healing Acoustic,DeathandHealing/Wintersun,5.0,False,False,2012-05-27,DeathandHealing,1578
patches.php?mode=show&unit=G3&ID=5849,5849,Slayer,Slayer,1.0,False,False,2012-05-21,Guti 050,1986
patches.php?mode=show&unit=G3&ID=5853,5853,fish rising,Steve Hillage,1.0,False,False,2012-05-21,hawk,834
patches.php?mode=show&unit=G3&ID=5832,5832,La Freak,Cic,3.0,False,False,2012-05-07,MMcC,1366
patches.php?mode=show&unit=G3&ID=5815,5815,Walk This Way,Aerosmith,4.5,True,False,2012-05-01,Biz,6014
patches.php?mode=show&unit=G3&ID=5768,5768,La Grange 2nd Solo,ZZ Top,3.9,True,False,2012-04-11,TheFendersfine,4267
patches.php?mode=show&unit=G3&ID=5765,5765,La Grange 1st Solo,ZZ Top,4.0,True,False,2012-04-10,TheFendersfine,4926
patches.php?mode=show&unit=G3&ID=5763,5763,Cowboys from Hell,Pantera,2.3,False,False,2012-04-09,RSR,2214
patches.php?mode=show&unit=G3&ID=5760,5760,Sleeping on the Sidewalk (Brian May),Brian May (Queen),3.8,False,False,2012-04-08,Ove Tegnér (Ra...,2031
patches.php?mode=show&unit=G3&ID=5762,5762,Hold the line,TOTO,4.0,False,False,2012-04-08,Manolo Patch.,2415
patches.php?mode=show&unit=G3&ID=5757,5757,Gilmour- Coming Back2Life 2solo,David Gilmour,4.5,True,False,2012-04-06,BizzynK,3674
patches.php?mode=show&unit=G3&ID=5756,5756,Gilmour-Coming back to Life Intro,David Gilmour,3.7,True,False,2012-04-06,BizzynK,3048
patches.php?mode=show&unit=G3&ID=5751,5751,For the love of God,Steve Vai,3.0,False,False,2012-04-03,RSR,3069
patches.php?mode=show&unit=G3&ID=5743,5743,Enter Sandman,Metallica,4.3,True,False,2012-03-29,Biz,12616
patches.php?mode=show&unit=G3&ID=5740,5740,_Fuzzy,n/a,2.0,False,False,2012-03-27,Jimis,967
patches.php?mode=show&unit=G3&ID=5734,5734,Apache,The Shadows,3.5,False,False,2012-03-25,antonis,2613
patches.php?mode=show&unit=G3&ID=5735,5735,Apache (v2),The Shadows,4.7,False,False,2012-03-25,antonis,2116
patches.php?mode=show&unit=G3&ID=5730,5730,Satisfy Susie/Double Whammy,Lonnie Mack,4.0,False,False,2012-03-24,hawk,1003
patches.php?mode=show&unit=G3&ID=5731,5731,RGallagher,Rory Gallagher,3.5,False,False,2012-03-24,hawk,1666
patches.php?mode=show&unit=G3&ID=5732,5732,RGallagh 2,Rory Gallagher,5.0,False,False,2012-03-24,hawk,1251
patches.php?mode=show&unit=G3&ID=5703,5703,Machinehead,Bush,4.3,True,False,2012-03-15,Biz,2030
patches.php?mode=show&unit=G3&ID=5705,5705,Clapton,Eric Clapton,2.5,False,False,2012-03-15,hawk,4521
patches.php?mode=show&unit=G3&ID=5696,5696,Learn to Fly,Foo Fighters,1.0,False,False,2012-03-05,Biz,2324
patches.php?mode=show&unit=G3&ID=5695,5695,Zakk Wylde,Zakk Wylde,3.0,False,False,2012-03-04,Biz,3035
patches.php?mode=show&unit=G3&ID=5671,5671,Pete Loeffler tone,Chevelle - Face to the Floor,4.8,True,False,2012-02-20,Henky Backer,5415
patches.php?mode=show&unit=G3&ID=5655,5655,Slash-Sweet Child O' Mine intro,Slash,2.0,False,False,2012-02-12,Bix,3027
patches.php?mode=show&unit=G3&ID=5485,5485,telelead,n/a,4.0,False,False,2012-01-29,chad,1245
patches.php?mode=show&unit=G3&ID=5487,5487,Jimi Fuzz,Jimi Hendrix,5.0,False,False,2012-01-29,Michael,2626
patches.php?mode=show&unit=G3&ID=5482,5482,Diezel Extreme,Metal,4.3,False,False,2012-01-26,Metal Adicct,2400
patches.php?mode=show&unit=G3&ID=5481,5481,Eddie Van Halen's Brown Sound,Van Halen - On Fire,3.3,False,False,2012-01-23,Henky Backer,4626
patches.php?mode=show&unit=G3&ID=5478,5478,11th hour,lamb of god,1.0,False,False,2012-01-21,venkymustaine,2198
patches.php?mode=show&unit=G3&ID=5476,5476,Petrucci,John Petrucci,1.0,False,False,2012-01-20,Ghost G,1924
patches.php?mode=show&unit=G3&ID=5475,5475,Djent II,Djent,1.0,False,False,2012-01-18,Ghost G,1973
patches.php?mode=show&unit=G3&ID=5453,5453,Barracuda,Barracuda/Heart,3.0,False,False,2012-01-11,yuraco,1518
patches.php?mode=show&unit=G3&ID=5438,5438,Rocking out,None,1.0,False,False,2012-01-01,DeathandHealing,1107
patches.php?mode=show&unit=G3&ID=5435,5435,Everybody hurts,REM,2.0,False,False,2011-12-31,Lecodimi,1895
patches.php?mode=show&unit=G3&ID=5431,5431,My-Shredding,Manolo pacth.,1.0,False,False,2011-12-24,Manolo,1137
patches.php?mode=show&unit=G3&ID=5429,5429,Djent,Structures,5.0,False,False,2011-12-21,Becteria Infect...,1574
patches.php?mode=show&unit=G3&ID=5424,5424,Acoustic Solo,Manolo Patch.,1.0,False,False,2011-12-18,Manolo.,2389
patches.php?mode=show&unit=G3&ID=5401,5401,JoanJett,JoanJett,4.3,False,False,2011-11-27,yuraco,1887
patches.php?mode=show&unit=G3&ID=5402,5402,Get Back,Beatles,4.3,False,False,2011-11-27,yuraco,2612
patches.php?mode=show&unit=G3&ID=5398,5398,Wicked Game,Chris Isaak,4.0,False,False,2011-11-26,Tony1Kenony,2550
patches.php?mode=show&unit=G3&ID=5381,5381,lightning,live,1.0,False,False,2011-11-09,chad,1169
patches.php?mode=show&unit=G3&ID=5375,5375,Boulevard of Broken dreams,Greenday,4.0,False,False,2011-11-04,sid,2570
patches.php?mode=show&unit=G3&ID=5371,5371,Blues,General,5.0,False,False,2011-11-02,Bix,4009
patches.php?mode=show&unit=G3&ID=5372,5372,Money4Nothing,Dire Street,4.0,False,False,2011-11-02,yuraco,2867
patches.php?mode=show&unit=G3&ID=5368,5368,Boston,Boston,1.0,False,False,2011-10-28,Rico,1999
patches.php?mode=show&unit=G3&ID=5367,5367,Clean and Full,me,5.0,False,False,2011-10-26,Thommyg,2230
patches.php?mode=show&unit=G3&ID=5357,5357,ACDC Live,ACDC Live,3.0,False,False,2011-10-22,yuraco,4250
patches.php?mode=show&unit=G3&ID=5358,5358,Beatles-Dear Prudence,Beatles,4.0,False,False,2011-10-22,yuraco,1725
patches.php?mode=show&unit=G3&ID=5359,5359,PaganBaby,CCR,3.0,False,False,2011-10-22,yuraco,1229
patches.php?mode=show&unit=G3&ID=5360,5360,WalkonWater,CCR,2.5,False,False,2011-10-22,yuraco,1261
patches.php?mode=show&unit=G3&ID=5361,5361,RambleTamb,CCR,4.0,False,False,2011-10-22,yuraco,1240
patches.php?mode=show&unit=G3&ID=5355,5355,80  MS Crunch,80 Marshall JCM 800 sound,3.8,False,False,2011-10-16,Keifer,7669
patches.php?mode=show&unit=G3&ID=5352,5352,Metal style,Generic Metal,3.0,False,False,2011-10-08,Thommyg,2945
patches.php?mode=show&unit=G3&ID=5350,5350,AC/CD,Highway to hell - Angus Young,1.0,False,False,2011-10-04,Dnt,5636
patches.php?mode=show&unit=G3&ID=5347,5347,Soulful Solo,None,2.0,False,False,2011-09-30,DeathandHealing,1750
patches.php?mode=show&unit=G3&ID=5307,5307,Ethereal,n/a,5.0,False,False,2011-08-23,Jimis,1584
patches.php?mode=show&unit=G3&ID=5301,5301,Very Clean,n/a,3.0,False,False,2011-08-22,Jimis,2361
patches.php?mode=show&unit=G3&ID=5302,5302,Pitch Rising Delay,Battles,1.0,False,False,2011-08-22,Jimis,1361
patches.php?mode=show&unit=G3&ID=5303,5303,2Tone,2Tone,1.0,False,False,2011-08-22,Jimis,1637
patches.php?mode=show&unit=G3&ID=5304,5304,numb,"comfortably numb, others",2.0,False,False,2011-08-22,otter,2788
patches.php?mode=show&unit=G3&ID=5300,5300,Tom Scholz tone,Boston - Smokin,3.5,False,False,2011-08-20,Henky Backer,4816
patches.php?mode=show&unit=G3&ID=5299,5299,plexi-delay,many,4.3,False,False,2011-08-18,otter,2990
